customer_id,visit_count
acADA9E049CD41C,2
80bb4522a61ca7D,1
10edd0E630be460,3
d2075b525cdCaD0,2
9b9b0DC5dadB1B4,3
4afFe9d1Eea6D8A,2
EF1ef8e125eA511,3
0EcC79F10aaebfC,5
1E6F5f51cBb4b4a,4
6dA8bE20b4EaE64,5
a7e30BcF8d0C49C,2
6fdeefFcBa6Afb7,2
c28ccdA5e9Af946,3
7FD0d9c7A3dA50C,5
1E4a9aE5d7eB44a,5
B03b3EeBd7Fa933,3
DA3cdec1A3E2F1F,6
D8204e5fAFf2FFa,6
a783ffEE4114D81,5
DE6BeCc0dEbB0e9,5
586a5d1b4eeFF83,4
4bA39cf61Da31Cd,6
8f6b1E4cfcD1117,2
4894bdD80A432dB,6
8FeAb1CE14c2A46,4
80AA909BbD1E648,6
d0d98cF837DC9ca,4
AfaFDfCe0Cf2ae1,7
6eFBf1edf8cEFA7,2
F3eddE8eBFEe057,5
eBC7D2abB13ed9e,5
46fBBc1edDDEd41,5
b6a2f7fa46fBa9d,2
142bBDDc0ccBe8f,3
3cd58f1bE8AC71D,2
1012Fac8357F0Db,5
E865ba0d4a7BbF5,2
0E01e503C0d231f,2
Bbac2D0d2771F7b,2
c81A953c077fcAe,2
6903dEb1E791F61,5
0ddFDE8E2bD05be,5
4836e5A4CDDc063,2
9E72DC214CE303f,6
e917BeafeFE4FA8,5
5Ba9b5a11AfAFcA,5
bFc0A0D9AAeA035,6
DE331D31CD25Cce,3
f1cEEf7C0c8A5E3,4
0Daa2A3cB023798,7
7Cd72fF40f04B3a,2
dddFbb900bead36,6
7C1B699aa111D0D,4
9850487E764db0F,3
Fc4fEA9cCeaDFFa,5
Db9A98Da3Ed7bc4,3
1Dcf552ccd918c3,2
EFF268c26540FDf,6
aB76F8eDCB2E6F9,3
eA71ae3Ea9Ad9eC,4
A0Cc9cABB366A4d,3
FcB774B91Aa4950,1
d041Ee3EDcb786e,4
d726afedF39EBbA,2
eBEa938fdDc5FAD,2
109EeCE541F1b02,5
e2B1b09caaE489A,1
EDAcCD78DEf26aB,5
DbACeEedD6D162e,2
44965d0Ea3C8f3e,2
83aBc96A0DD192d,5
d3D0E0E4E401cF8,2
F0FF9bbAD6Dbf3B,7
Ba4Ab91eAc02afa,4
6AFB8F7E322e1A2,2
0f9A8090fed6bFF,2
73174Aa7b56ad1a,6
E357741ffAADE0C,5
bc7CcDa43aD719B,5
73ACd27ecEDe08a,4
2decd8fB7312AD0,5
d4bFDfAad3A85F5,6
bdeD2a879e8257A,2
ED8adC235032a2F,5
1cdB1cEFBdb51db,5
d343ea3C9cdEe6e,3
2B9cA6e14796d7F,2
CD920b289A1409A,2
5cDd94C6FC8F2Ee,2
e93b5A3cA7f28Dc,3
3eB5Dac4d8a9855,2
D7810CDBaFaF4aC,6
4F7f9eCa7B300D5,2
adDCE4F222F74CF,3
a5Ec555C948ceB5,6
111E9CbcEe9E0fc,2
49AcAE8Ecf0B01a,4
D76EeeC7F3dBA50,3
608F2cBEF0aFe1d,2
6804affEA03a08D,5
bfA3B9AF96f5ae5,5
bfBB64146Cf92F4,6
bCBD3adCFe53eAa,3
d1D1C9bc84bA6C6,3
D14Bba6ca1B2f1d,5
aD00cF23ceDA6F0,5
8adF9b9d99D9ea1,4
c25EBAdfd9939b6,2
ab9d2FC139F5eA7,1
EffcfC5Ae1AACDD,1
c23a5CbF2ed52da,3
161a6Ac107DeaD0,2
fa8b6cEcbdF52f7,5
Bcf4781a01cEDF2,6
E6c4cbD1ddeC8d1,5
c8FEB81AaEaEc8c,5
9BbCbfFE7b1E45a,4
aaa5AAfEDF4FFdB,5
f7a006A82Be2E5C,5
B2bE7A3EfaCc5ac,2
944Bfaac7EBCaD8,4
a172f8d04cd8EC2,2
aDBf9B5053152c8,4
Eb5e362DF6d0D8F,2
0A67dcf88485b94,3
07477a5Db2dAcdd,6
afEAbAcDf8bcc2e,3
7C3F7FE2504Aac6,4
30f01c0D64cddCC,3
1cc9a76Ac969C65,5
eC0611dCBf073cd,3
D0269724Af126dD,5
C1383cb07d0B8Bd,4
aDbccc11cA4Efec,2
bE1cFFF9D19597f,2
AbFbBdcEedb622F,5
Cb1E7a6DB1bd6B3,5
1Fc904023fC7Ed4,5
E42a820C7dd7Bc6,5
6144e0c53fB5E84,3
c1dF2Cd1be49EA2,4
eE0BdbE08420A71,4
e8b9ab338594B44,2
b2b0e867b3Ee9c1,2
dccB1B79320FBdf,2
A61F341096c0d25,4
CeA9B60AFD2f50b,2
cAF5Eefea1B1eDF,6
Ab112EA54e454A2,2
0EB68556E8C4DDC,2
cCeA8F5Ff0614BB,6
61Cd6Dd4dfBa0b3,4
cCd9DcFC2a0338a,3
03cADd5CceDc4bD,5
93B09bdfa5d49Bd,2
73d67daEbE61CB9,2
5dcF5C3b96aaa5e,6
D62ecDE0Ab66dBc,7
6BEdbCf77a0eCDc,3
13Af6f992aB54eb,6
5C3C87A93eEaBb8,5
Ad97D97CfD2cFdd,4
EceF2Fca8c01E5A,3
42E665cdadAC52C,3
d7fdf52bDBF9c37,3
a4BF8eC633D5046,2
57a6fEa1F0CC3cF,2
7F6B9FFB00EedBC,2
31406C3Fcfff508,3
Da0BDDf8ba02Db9,1
eD8ea9EF1AE13d0,3
afBBCaAADd988F6,3
EfB6C0FAeaDA27e,2
0F1cEAFaba0888E,5
2A9b2519Bf06EF5,2
bfE1dd1Dab5bc0a,3
fb3a10289A7bec8,5
8aF61D58D2da8fa,5
7BD27cC4c90817B,2
79c5936De39657E,2
ac2dEF5fb9cd650,2
48072bdfC14cEaf,3
9dB23E3Bfffa358,4
625d41b40f2Fa7d,3
E5AbBa42F438b45,2
ff0978A77dDB65D,5
dbCB81Cf21C12e8,6
8B47853372BFDF3,5
29AEe57B1FeADE2,2
9b2D75e7B19dAA0,2
079D05B7e3FBaD8,4
52d9a1D6aCC1bD1,2
5Ba4565cDACCbC1,3
9CFCd6eEEb6E380,2
DF164f9bC9BC3DA,4
caf2bF0f6ef27DA,5
365debcDF127ff5,4
d99aE6E6caF60B5,2
bdeDbf0042C8cbC,5
58Ab857eAEfCe28,4
DB2F0cCD4a219eA,2
743Db5afc43aF1B,1
987Dc3C82eF89b4,2
c4E59Af98A1c676,2
0eed4667eee9DaF,1
8ADacDfF88e4D48,3
B63A8Cccf12f45a,6
4cEc8f0dc869349,4
8C38aEaaeaCE4Bf,3
67DA3e8DAe3fdB7,6
A3457BDbF279A9C,5
Dc43C3a59E9CBC7,3
B3F5D77AcdDb3bd,5
c2950E67d4F729D,1
897cDA23F4E69Ac,2
e7b5Feb3CC73C0D,6
dD4bccaFda4DD80,6
3C23fFDD0af6D9C,3
cCd5B5f8588CE22,4
83cbc109Ef7a9DD,5
FDbFaA05EBDd5b6,3
182Ef886BCCdFEB,6
deD3efdC1E6af65,2
D0dE3d3f66D16B9,1
2ce8D53dd51Ddcb,4
946C934CeA3a7AA,7
eab1a1AaDda153a,4
24B001ebDC157e2,3
AE1FfcdcD20e6f8,5
5c8FD6Ba888EdA5,5
C27d37a2DF3f719,5
E8F8fcfdc4CD54F,6
87B0c8Dfda9e4ae,2
EE80b8db23Adb8C,2
ef0DCd077f4fdE9,6
0bb2cC56Cd4EfC9,5
8d98fbb0D2ECB83,5
748fda3F1b3d9b4,4
3fc0eE43f3B147D,6
bB5D9ef2cac60c9,2
2BAc0F1A0eAB09f,4
40f596bBaFaDd59,4
E7c605F63D6a776,5
54149da35e3FAde,3
8E66EA90EeDeDa7,4
fEf30F924271CDe,6
d097EbD56b0DD0d,2
a56e4Fb3f5EbE36,6
25cE1e0f92Aa7b1,1
53185A343FCaa16,5
debE6bd06f4972D,5
44ca4C9c788199F,2
Cd9819BcbeBa16a,2
2Cb8e4cDfFd2B16,2
F3f4bFC5De09AbC,2
2FaeEaBf7bCFbfc,2
847EbeEF397eaD8,3
38f8D6757FEDaB8,6
0dACe71Afc4fD74,3
eb01Ac8f3969Ff6,2
4123B82958ca9bE,4
fCB032EB4B35434,1
7af3d638A60d90E,5
96eBEea5CDcD765,4
FfedFe0D81b851B,2
Ad112D12b85272F,3
cb4dBcA2eb7B2F3,4
9E7fDd69d850b4c,2
C4b1550E6cb79e6,6
CBbF134C77Ffc95,5
FF1BC3CcbfbFE9C,4
34F5c95D6f6D2B6,3
B36A14f9f0fCe6c,5
d3Ee6fCB0C66cA4,5
8A16F59Abbea2f2,6
2319d9d5d66263A,5
bfA9bbac66dC1C0,3
9dEAc1Ccf2Bad53,6
bdBBC035b37ff6A,2
8CD96EbBA7AFCEa,3
1594ED9A4F92e52,2
63A8D6FD99Bb2bB,2
03E7BD6783070e9,1
DDAd7Fe602DBEBF,2
C57A3C9bbaBBB6b,6
fe68eeA53cfdbd4,2
F571d7021ea9Afa,2
3c0aDbc9917bd5E,3
5FdDcfEEDabEEB3,1
2ac0Ea4B5F6d64d,4
368f3E10fd56Cb8,5
5ba69D2442C3dC2,6
E5572d70eb9a450,3
CD849ABf19d73cf,3
3C48fb4ED252f3a,3
86DAAb5a9f038CC,5
645c6C4edF1dE5C,2
3DE9097903b8a91,5
28f5E41cff6C4FC,4
5D0BC2fbfF6cBc2,2
43aef3682c3303e,6
6Ca1E290eB9ACaf,5
DEE3ABAAcdCcf96,3
e4BE3F91Afb9809,6
9cfF106caac9bBD,6
dAbE7095F0bCbCa,3
33eC5a2285Fb7C3,1
57ebd9BFC921c21,6
b978E479A5CFCe1,6
EA0fCEBa8530766,5
aC7CdB2b820a09e,4
C5D3d68c51c1dCA,3
B21Fc3358EE006A,6
7D9Af8756A4ec5f,2
820Eb2Eb03c78fb,2
AABA6CfbE968ae1,1
6FF6B10947106Ea,6
c0BdD9bDeF5c5eE,3
36d24c1B9Db9255,2
102Df3a626BF5FA,1
89a7F59896d0887,2
B69Fe6BF7c1417E,3
473c6FB6Dd01f4d,5
BFC843F59C9e7F3,2
ea712fD9f6baAE1,3
EC6A6f1bfc2fEB2,6
ec84fc3b5d6A2d8,1
DD61a48bEaCc7eF,2
6e4e3eFcbf58A93,6
Dd5FB925AFd83b7,6
d95bfb651055c0A,6
082c555cAAaDde7,2
8D59E0695aBb7dc,4
C820cE7ece151D9,5
60A61EEA04FcF11,3
DB635436b4dC274,5
7307a576e3fDD02,2
96dB4ddFEe6C743,2
625ea28bB3A2ddE,3
3C57b1ae63EF2dD,5
6BB4A9a8196dDB9,5
8FAbbC1d5DCe83F,3
7E39cD5c3E1A9a9,5
2ed2AbeaFa5cA67,5
eC2B4b44d6BF2B5,6
dc35DaBC18d1bF1,4
fB61bf524b0Ae56,3
005B7eaBFde3Ff0,3
F4DE70b0fF224Ba,3
cEC4d0AA6C25c9D,2
cbDA1aAefB1404D,5
78fccF01abFA1c3,6
6efE487FD062fDD,3
75e93d88BEeD7Cd,5
EDA6C46396139EC,5
9dCbc004EfDb11c,4
AE0ead397a850cC,5
9Fdf846C1B6DCc8,2
a5F41f9F1f75e4D,4
77184cEa41B9dCe,2
a2c23daDf58C5Df,4
B398dCF533B1E6A,6
9a0bA113c3B5eCe,7
95D1eCc3dEFBDF0,6
BbBc3aAdB02d19D,3
bf7682F11e69bF4,1
D12e4c2C29dEeAd,5
2aF3Ed5f45554dC,3
eAbD3D1A3afFbD5,2
889140d9A448d87,4
Dcbfd49d369BaF6,5
b8B8Fa5c5d61Ac1,5
d5Ddb78db4Be5C1,6
d3cd8eCAFE5e7dC,2
dd60278AFb4Dbe3,2
CfE785dae51c9Dc,3
Ac2FBbAC3c03Fab,2
C76B1acC67dfD4F,4
B6cBd6e5ef3ac3a,4
63F976eb588ef73,4
F7dC4c1739D9Cc0,3
77F732Db8A13fca,4
3DB180Af3967c04,5
5E8fc3c8447AaEd,5
B846722C8B8bAa9,2
29094Dd7C6D1AF1,6
a4D5b8c1aC9d7CE,6
5A5E326Da2bDBbD,3
e6518Dc7eD1A05d,6
acE401CfDddC5B1,2
CA6fCCB31EDdFb2,5
d3ad3CeeFbBB569,6
527A0B16F0F0bcD,6
Ae3bd3194F6ab3f,5
E72bA0ED6A21fdb,6
069348492B0640D,2
9eb1f77FB0c30Ee,2
3DC76Ee2ac490d3,5
5889FcbeefFEc04,2
375fcB1B4413bea,3
0b943535caf7d83,3
A5FAcbb95420A0B,1
ec51d11aB5ea107,6
d0AdbA0c5B0aD4B,6
B9b8eb6dEe6E0Eb,4
8FF5442BB075Ba8,2
bE58F31Feb17Ceb,3
A54E529cDf1d3e4,4
ed10b530e088bf8,4
0e9e80ECb2012aa,2
8eab5b9a7FBdCAb,3
7aea2ded6EAaaEa,7
6aafCA6cEaFD900,5
b2D20aA0c01D3d6,2
c42445eCBA58c7E,5
398B0B25c844f7d,6
e0E5D9E0fDCf173,4
8BCE40CFaA0AD0D,2
6bE5AeDDFDAfdeC,4
0B11fEe7143B74a,6
66d437A2Cb0b39d,2
5Eadc0fbD1Ff376,3
325E99c12bCb83e,2
5Cf2237C4DB83AD,2
c3748Ec97Cb4A0b,1
CfE0C9d6AA26fBC,3
a629b4CEDbEab54,5
9DCdeb8dAFE6755,2
4Bc17CC0fC1f7a9,3
dd86a09E581e296,2
b99249F1aFEA878,2
7a3E0B0e6ffFF8C,1
d1BD5fecFaA94a5,3
a7362E6eDAa79Ea,5
1f930E2FB6E7Df9,5
Db481e568F22b9A,5
bDD5afb988F25A8,2
E37D773a4e1e975,5
9ecDfa620A5BC12,6
9ACCF2a82796eDd,5
Ff6D564a3cD2E63,4
1C4429C098Cc85e,3
A49AEcD674d69E9,5
2Dc21aD2e041B5b,7
7abECa1DdB74220,2
13fB248c4d93a63,1
60Fb87dFccDEF4e,5
57BdF6111EdE1a4,3
8759D09d5fC092e,3
61A2d4d1Bc5AD37,6
7fAea12AF0815b7,3
1e76CFcEd8aabBA,5
cDecAaD7fD8ec42,2
7BDBc5cbEb6cFCA,3
d9aedEee8CEd3Bd,2
feC7f4F51eEd8aB,5
F656E3867aAa8cd,3
7A47876b49dE427,5
9DBE44bdFdC6ddc,5
6eda5d0118a25ad,6
e24aA7f154A8D60,5
88A8CfBA7CCACee,3
d06AD9ebdf90Dd7,5
3e4CDd1bD8aBd16,3
4B85d6EcCcB344C,5
bCEa5e283F17Cd7,3
86bDa5e3B9e105C,3
fCade559871477D,4
0cF6C28026aEadF,1
EDD9DBEB1D221FD,3
CFbb2dB9fA21aF1,3
a082aCFEA27004F,5
ec095f9FEAA367C,4
c5A54c40Eb9A1e5,3
cFfBB5a9CfbFaB5,5
5dbBDFe51B6D939,4
e7C792aD3bFd0da,3
FEfCb3b669C4dbA,3
bdd6C497688AACe,4
7Bab00d0CE9CC78,2
ED4Ae054A7Accbd,6
9ae185a4B9869D0,2
04fbFc8eBbDf750,5
bd29dfece5a1356,3
Db8AAF01AcAD5Bc,2
8CF30EAA6dC2F52,3
80374CcfbbeeC6B,3
aC8e8c7F467C9FF,5
9FfeeCeb18d6862,2
a7297Df77E5fFeB,2
06572eC4d0E7c11,2
D9EA2caD4eBef4c,2
cCAe5c2509fd219,3
AC71C11FC122fdA,2
244FDa4f7eeA3B8,4
eCFC80AeBefbf6b,3
442F9b8Fe13aAEb,7
B0f9F2fc949f6cC,3
ACb1Aa828Daf16D,2
7ED1FC4bbab202B,2
C4Da69dBaAa6cd2,5
1227Bc5cB4f0aBE,5
8F446F830bea2FC,5
efe7FeBA4b087A5,2
C3Bb0d4fD7D4146,2
FA00E6EB2d8F1E2,3
9b4E68A88484506,2
1EbBdF18B4b0241,3
0aADFb9C5Fd3372,2
bAdb81aAAa0Abb4,4
74BEf4EF753FC97,2
7b5D97157Cb9b3A,6
2e7eED5D840dbeA,2
0Bf0dB8F3d1c78E,2
fDeFaF5819DCe34,5
9bdC6f8424Ffcd5,3
3bbFe39cb18ceAD,6
A8F19FFE8aE8002,3
7b42BdCEebcf45E,2
8aF2D299F2DC2E6,3
9776EB09973a528,5
95ec18aFFb8ca78,6
DAb670601f438C9,2
29EFDB177e610Be,7
8A296bB5a3d2fbB,2
fAf582fCF704cDD,5
eCE4E160DdB8B4A,5
Cfc962F22C64B56,5
BAC2E0E0E1354bb,2
5c84c21BEbfD83a,2
Ba5eBdF2cFaBAAb,4
01de7D7CE7aad17,5
89b76D90D7A291D,4
AfFb3E3AbcEb8c8,1
3b9bbC4ffC7481a,7
f5df146FaA941F6,4
2BD84CC5E421d30,3
0adC5D93e14ca54,1
1FaBbEfFceCcE0f,1
5d3Ed4Ad0e5F5aC,5
Db9C09AaE2Fdc20,2
b76E2a08bA6DED0,3
d8b99f83e6BFc2A,3
E86ee4bEFBa84A3,4
fAd53D66beABee3,3
0e13CeEAafc9e4a,4
F9bAcE8aA250468,5
B0C0faea97CbeAf,2
CB898782ed91bdA,2
dA735c7F5D996E7,3
2b947fa61ABEcE2,2
295876504E00883,2
C6E377E00d9B7Da,2
Bf5BF3bC3E5C5fA,5
A5fad84adbFd1f3,4
b10a01b4B600E0A,1
4C0Ceb5c5cc3ce4,2
1DAE6c37Fa4b4c4,2
51783ebE3bD669D,6
AADc703DEe8C3Bc,2
0129d055bF9cDF4,2
672B869DE254d90,5
4DD0cff44a3aACD,6
35Cc97B8D4dc9CF,5
1BC58e0eaf7Cf0D,2
AA9bDfdaE5D034a,2
E9ad710A9A3850A,3
4988FfEaAc2DAf6,4
5F52376972D49C0,5
C8a9CdDdFcf7Dd2,6
9e42e56B99aDFaB,2
3C98C1216daA243,2
2EcBbe1ebC8e2e4,2
FFfC3E4EB4BeF68,1
5D2dc35ca5F8628,4
d5Adc8bD5F28898,3
992B0B8aD4B27b4,2
b1b4B7b609DEA02,2
da1b65daAb7C38d,5
2FF4BC9291B044e,2
B6b9b213406637D,5
1CdB85D3e8a4757,5
2eD24c31374cBAe,2
8CdaccDe074636c,5
293b5fFeC0BE94d,5
eFe07e2bFaF63F1,5
8fBd75cccF3fd69,2
DfB8BBAB86ACA1F,3
F5bb98554Af2C9D,6
56aEf20b7E1Cc5a,2
5Cbece7BF6C3313,6
CEFc2a2a667c686,6
6EA81C763EeEEB2,6
CF7aea4488CCc3A,3
d23Ef81F4aFFfa5,1
46bFd459Ded1Ddd,5
eC2128FDB60088f,1
E39d936b0CC794d,5
dACaec77ED7c049,6
a7C9DdAcBcFEcfA,2
E5BE9A3bFeb0adD,4
b71Ea8C1EBCF0Fa,7
126a8FE3ffd9f3a,2
4E850B16F6028Eb,1
D39ABCc0cC2fA10,5
F3F72A7e14f0197,3
Bb8f6EaC30fcD47,4
29eDc1E22ABeB1e,3
dd8BD118BC0bD2b,7
22bbdD019eFc19A,3
F15ACbB64daDFC2,7
C4C1bBC9C8Ed6f3,5
7BDC23a0057FADF,5
5Bb2BEdde862ea0,3
Cd68c5E62FBaDcc,2
c9e996a97d3A96A,2
c4eAbC3E9faE7A0,5
e8fFA1EFE6CB7b4,4
57A27c2427e854c,2
AAF2A7d88405585,1
EFA2AcA27fd315D,2
faB2B2f6a3317ab,2
B5EdF8DCBDd0d21,2
c3fEBceF8bfCcF7,2
c0Fee3FBAbf1E3F,2
7ef9b2dC1c7eF83,5
FE792BaB98ec5Ed,3
6cDFf3eA2ACcb48,3
6f4E4BcA8B58Ece,6
dcaBf8Ced7bDD9D,4
96485FfF86E4845,6
c11BA6A2C61338A,5
9EbCF9dd12Cf97d,5
5EF055197b1ADf4,5
Bc8cC8d7c298FD7,5
60FC82Ee2D7E3C8,2
dcf2e39EC6Ff22C,4
FEfCC83Fba27055,3
52AA0EEcbE0a97c,3
f8Ee9c08BeF3bEd,4
A8BE1BE9Be776b2,6
1cBb1fdA3F9d0dE,2
5FE7586226e00D7,3
ddB8bD44adF15F2,7
EFF0E7dBc87Ac2f,4
c5c191F192dab24,3
073d46e2E2fdCc8,4
908197B0DCDED3a,2
bfAfbe3F56aE7Bc,5
0E2e2aAC5BA588B,5
ebde8e6CCCa7C15,6
4F537EC2ea0c80F,5
aAdc6E01d2ebeD4,5
fD5CE8cac96Ef7A,3
BEaEdE0BFf5eEcF,5
0654Ed80DcB0887,2
EBc98D9eEa5DB2d,5
396Ed313c2d113d,4
aD2aff89CfcE593,2
951AfF81FfB8d0B,5
3Ca64aC3AaE89ef,4
2207AdE09A908dB,2
1AC2Eeab51FB99e,4
531C0f1Fb9A9363,5
4F6184ba88B2fd9,5
C078C5DdBF447Be,5
d097AEDc9E6b65A,6
5FDfC30E3426ef0,5
3E5bcadFbe9e1fE,6
be97b839254B299,4
E69cbD2BcBF4aF0,2
fe0eb9B17aa99Fd,2
FE347ECDC8DB0E5,2
bC8C8B0AeE8A9a0,2
9f1BB15fAbBdb56,2
d278Cc25F01DFed,3
35e8EE4f71dA7ce,2
2F4316f97615fDA,5
8D0Bf8665249167,5
6C750b3D5ba5b5a,3
1df3819646A84ad,2
Dd5aF889eB6e3da,4
fF0Acf1F7F3A2ab,5
Fc9e8F615C8daAf,1
59D6b9cB6CD5edB,3
CCcdC6e57C1FB89,6
27eE8bef8ABf6C4,2
5f627a5b8c02214,2
ba9f5466DC75357,4
DfeC2B0088EF6f5,6
CEB8cdE52F0F237,1
aa1e30a5632CeCd,5
8669636c23167B0,2
c7107Cf522731Ab,1
BF6dbfB6688f527,3
b9483FC6c40aEB8,5
a7EEd23DEB2526e,2
A2dcddd2c74054F,3
BDaDF67eee3581F,5
224fbF34F6A75F8,4
bc05b9c74a3C20C,2
d633EC7887CFA9d,2
F88Fd8a6e512c33,3
6bBAce8CA8f9bf0,6
AaEC9B4DB9EDE27,5
22ef03215fd9D7f,6
8bE1DAdf744b427,5
B0800B5AC05Dd3B,2
Ec053Fd5f2894f5,6
1AF171F249CBB47,5
bAfa14f1f3F6E1c,5
ddEdf6a9AcD7B70,5
909b15acD4Be88c,3
8EAD64EED301Dc7,3
1DA47a118eaDd3f,4
6E81c5cc9cf3EB9,4
d8Af94422Aad2bd,4
9dba2c93A5dD34D,6
dE412481eae87C9,6
E04dCEC9e59304E,3
5D2EB78caDfbeE8,6
bfeeA60eb45a111,2
d2446B53FE6Bfe0,2
4Ba6b44FfF5Aba1,4
0B150F4EeAE16C3,2
BcBe7E439a73Db6,3
eef4fFe26C1dCf3,3
6aC39994CaB8062,5
99d1CE9858FDdE7,5
4efB9bFDAbC55cD,6
7DdA401Fc4744E0,5
EaDcFc4C6002a36,2
aED5dfD2a7518aa,3
0F66CDaef256bC7,2
88b6edabFf8b1B4,5
e9Fdebee43E5b66,2
FAF1eCaef0BDEBc,2
95D72f0aEfe01dF,5
cfdE90bc3D9B21D,6
dDFdfcfBcA0d6B2,5
004Bc46e1De543F,5
98F5ED76eEEc972,3
f97CFA6E6AeFFf4,2
8BD4e293fBdaf60,5
26afA01D3B37DA4,2
cfFc7dB498A6D76,5
4cd261Bff18777C,6
285e7bd94f6FCca,4
f76CDCa465AE9dE,2
3ba891fe0cDa098,5
CCb1c45b74EA88C,2
DCeFFb55eB9F42F,2
cC51cDF0dDAAB4a,5
a9e3Be5ac5898AA,5
609A48BdD3FCedC,3
79cc39fECF3De24,2
3Ea54BdbCbaaE3D,2
44117c5fBF89C51,6
594f3cfecd3a42b,2
DCC21f3cd4511Ec,4
1EE9681E1907A6d,2
6787D35def33488,3
2c820add83430cF,5
a1dDD8aFdeC55db,6
4ff1bBF42A0bFF6,3
10A457abfCEdb13,5
771A70F63D33Dab,2
d58e37D99dFc3D4,4
F9af7f0fCE3AE44,2
dedb2b6c6ACF9d1,2
88dC0BbCBB659f6,2
dB12409ECD61cab,5
Ab4EAaaffC27a89,2
C81441c0554FBae,2
D3CdAAcA3f7BdF2,3
4CBbCc2FDD7097c,5
7d20B19451F9feE,1
7FbB0d258dF853D,2
E7bAd1d6ce4FbE6,5
ae764fD2cCB7Ee0,2
175A4E48d9Be1b6,5
cECDEdcAb7aCD8E,3
8f385BEF965dd04,2
aAF1108DD519d10,2
BEcDf91Bc165b90,2
1cFFaA7e6e2b880,5
BBc954c5cBf1bFC,7
B1F86dCb698d44f,5
7eADfcdF13a5aD7,5
de26AE1e16ECe78,3
Cb0b3C3c829Ca64,2
5F32eecEE68A7Db,5
c3aCfD3301241f9,6
493aaAb1205Ea7b,7
14BA3d6AFcc16ea,4
7FCCe65f3B670bd,3
3d946B63d5DcB07,5
9cecD22dDEFDD49,2
fB0FFe3A711D0F7,2
EC27D2e7cdAef80,5
FE08E4D17Fb67fF,4
3E047C8111DdDC6,5
FeB1C8ef8d3294A,3
eDdf5eB45CfBC45,5
223CC9d55C4B06D,4
FF123Bd20CD0b8C,2
8a3dae949bfE4Bb,2
16a89CFB309Bc3E,3
dbDeba1662cE0D4,5
BeF4bF1eCdDa836,3
D40dE2c0Df63b7b,3
e727aDFECae4A5D,5
EABB5d87C4efEEF,3
8FeaCb589fcdE13,6
60E21CA8d928278,5
6D718CDf53f641c,4
28bdEf00860a055,5
e0bE43A2a77c519,3
2CFf19CfF5F3667,2
E7cAB0df0fa756E,6
42D36d15f171A80,6
DC8d81d43E1FD04,2
EDf61EEcedfDcf2,3
e095b216A30B56C,3
F3eD98E0Ead2860,3
A59FA099fDc387A,1
EeB14A8E0cf01DE,6
F174f1b7Bc22cdF,4
6B3c1d00e4cb0e1,3
594b9d748194BEE,3
BBaaBC8c14d746B,4
bAd1A90b8BB2d59,5
eC0DD54F303f2b4,3
7E045e02Ce6EcFF,5
f978E6CCb4b7BE3,2
b462dCd0FFf2DD6,7
318a8259d98156b,2
b3459edD95E792E,2
BfACDB1b3793BE3,2
d625a0EAcb12EB6,4
12F97dA2aF8fCcB,2
9AC9A61CFFf4547,4
62eA4FdE4AA5a5c,6
FcAe7EF35eDFFDE,3
0eD5c8dBA0fBAeE,4
c4b6A7C5fE66da7,3
FDEb22Ea679Ccf0,5
Ab89DEF9c59A6b0,5
F5eb65DEF3eEbDa,2
Ec8df87cf49dBc0,5
53956233DbBcf1e,3
f46bbc83f117532,3
aa05Be04a7Abde1,4
efA5fC9874cdAc7,5
cCe1E5e998dC8aF,5
7eD0eEE45ece3Ca,6
a3E050bA8DD53CE,5
221A59fE088EeBC,4
9D39fbCaec4B1a7,4
275dEed4FEbAb61,6
2c7fa7d0C7e9CDA,6
8CE2c4b91a1FFbA,3
96dd74b9CCEF74B,3
A0f6BFcea2ae9Cf,6
74dF8112e01864a,5
051b9e08E56aD45,5
053feeb859E1925,5
AeBD26d0ABc8A42,5
d949fBFECC21a55,5
7f4c2AF0c6f294d,6
EAAdfCDe03E9284,3
Bf32aE9C906251d,6
257Ee4f75aEA85e,3
eC9EEfFb8f021bc,5
dF68acD3E240eBe,6
149d01CBfA1eC63,4
4c2dA7e6Ac2C300,2
3d769410A2dC66D,4
Fdc8AdDCcaB21dc,3
FD8bbC2Ec9E63C9,5
34bc5824c5Fd8FC,5
d2a5bcB1Db6280A,5
fcb5Caf47eDBcEa,6
150e8daFf1ebccB,3
ff7aEFfA35eC7bB,6
190fccFeBe9AC66,1
EDeBD92f1B1Be96,3
AFEb48bdc53de0E,5
aB0BA8B0Ac4FdfE,5
C7b22a5aa73Af78,6
dbE1d093bF2F4ff,5
92BdB40cf23433d,3
BccE1ecFfEc44a4,6
55CbF795D4cF843,4
7EDCb94d3CF2fbf,6
1dB0fD4afD34eA3,5
Dc2aE31A94BBeaA,4
cbB7cbb5FD0DDEc,6
3d26f5ab5bd0A93,2
884Cec6569F8589,5
4BbDbbEcd646b3e,1
f74A78B0e4e8E95,5
1FAF4156C8f0Ae2,5
3b9dDE56Aa4CD5a,6
74DDd171eA5Ece9,5
Fc4e95dcBffBE24,5
48AfB7D8d4d9aC5,6
E2b6faAED5E5e40,3
E157Ee55B67c353,6
C9Fb6Ceb1AbA39F,2
cCdEE7fC4CF9EFb,5
55FEA46c048099D,3
FaD3d2fD2e741Cd,3
B7Ef2E54a6b727A,6
bD2cDabaa5AAF01,1
f00f9bAc6Bb0DF1,5
0f6bfFA7Cefc97f,2
06FeeA69bfBd659,3
2EAb618ABB2AEe8,5
285E2DeB4e41c94,4
e9FfaFb292Bad68,4
B0Fb56783EcDafA,5
40EC41Bd3e4DFBD,6
150Fa0aDC3b442D,3
9a4Dd7B57Fa1C1c,6
A77fe3CE42aAc5d,5
a904cE6ccfaEbc3,3
3a5ee40DD4De66A,5
A72e2f96aAfB944,6
b93c3CEE91eCDC2,6
B62BA649a5dF86A,2
AaCAbB8CE8E12B4,5
3918D1Cab2aeCCb,5
87BcF695b8D5d49,4
7ea99094efEfCd5,4
124Ae7E1bED56F2,3
DF0eBe00ec323Fe,3
05fc4ED31A2C1cF,4
a1Dd2Cc77F57d5B,6
52DdEF1eed6A5cC,3
EAbC948bb75eFEF,3
e5D99a1C35Ef0ad,2
019C87BF0cDAbB5,4
41acbB57ab9E2BC,1
aE7A2b886FBDD2B,4
BEFAE33ED2e7Cc5,7
F499a3caA2Ef7c7,2
C58eAac5d1FbddB,5
5F264dBA8FFce9D,3
d568680a1F3A9EF,5
56CA809c9Bb6c1A,2
1aD9eFae5617b29,5
eB1adB636dddc67,3
4804CD2dd151c83,1
212Bb14481D6Faf,5
ce907ab8eB1B199,5
0c48FdF00FC0BaE,2
3c6453445B6Ba00,6
592C27D7999304f,2
5DD31b97C1c52D4,5
56Bb5d6DAb8bb3c,7
EdC7Bd08dC4aB63,5
aD0A7E3cB00FDd9,2
5ADFd78330B9Ea4,2
3Fe01FEd3a2B66C,2
aD2b3b60B29afce,3
d9D1CBDF831309C,3
D0EAdF4b76BCBce,3
6A322d4D801dEAF,2
b1e46922e99B309,3
7a5Fc9bad02dEDf,4
AdDc82cBEADeEBa,5
caD1CefFDdaFC6f,1
C5F8f8eE862a0Ce,5
2df8Fea08C9B01e,6
5db7fe0bA8A71d4,2
9c8EE8BAc25dF5C,2
920c7aBEEb734e3,2
6F8A5eBAbaac5D4,2
7FAa7a777a7E07f,2
E2bBbE9D7A8F28A,2
00CC28df36CdD78,3
f5235336aAB9BDC,4
e3EBc325173becd,5
D17fBea1A6eEEAB,2
3bc5C3Ba10a8AFc,2
cb3a676F6E4072c,3
199D8f1Ea6BD3dE,2
AB3DC06c573f9ED,4
E79766Afbe1cce5,2
7CdA51CFF6d15aB,4
2127b509023a361,3
2B6743f9cea90A2,4
88d57ff25B3Ea59,5
D1a2dFF6eADFFCB,2
cf26FcbbeCAcdD9,6
6aDEc4e3Dd0Eaa8,4
63Cdd6D1Dcf0011,7
a6c2b1A26e60efe,3
47AE5B5D28A29BE,3
c0d3Cfb5E0861e9,2
C26f8248Ed2BA47,2
4E8fA807cFFB1d8,6
EE77d9EF115cA58,6
04d2254ee8ec4F9,5
6F27ea30a06D966,2
d6CC1dFC9ac59f2,5
4D3d7A3b67ee43e,6
25cb5eFFf8a290a,2
2eeD819bdD3EeE7,5
0dec62AACBd98bF,5
aF30D33aEc02e75,2
af7feCAFbe044f8,5
e4AD698e57fa1dC,5
E3b3A6B9f250be7,4
dea7F6EbED6c4f2,4
E2357f0beE24fb6,3
BDfbF68BAc329b6,4
f348531A26ecce7,2
69849cDd5a811bf,5
a6C7Cabaa26a97b,6
FA527ea665D1dAf,4
FF4885d39872fA9,3
EBc42E6C33A6D4f,5
48dF320f0C860aC,2
8508b3eFAaBB0Fb,5
b6d75edac89491F,5
f90e7cac722555e,2
DD6DF3aE9c07d28,1
fED53bbA13Eae38,4
ccc1bC35b5579cC,4
AE1B904ABf89Be6,1
4AB4858E39dfD83,3
03c7bFc909895AF,4
35979835232b36e,4
EcDc28fdB3bc6ba,2
768305fAC784aB4,5
8EBAe96cAe46beb,3
e5dbf5Cd72C6B9d,5
73bE707B28EC9d1,5
3350cAFab40C61A,6
39d463684fD45fC,6
0cBDC4a9DDff4e6,5
bEF1d7d4f4D26B1,6
F0c55B20fFf9BE5,5
aa2a7b4B5de6ae7,5
0Dcbdcb0ACA683A,2
D90ECddDA55316f,4
a0Dc27FE15f8D7e,3
a739F85CDdf3e8C,3
aEb8cDd597E09DC,3
4d3ccf65eC52AeF,2
B4DCE67367523f1,2
496C9c87cbC8fce,4
CFBB114A565D69a,3
4131f2ce6b5CE80,6
4ECf0BaD5550Deb,2
d088Ffc13B57AAf,1
ef3Da2ceDC4A8f5,3
EF6788A3Da3fafF,2
32A6A04a7235aCD,3
d541a83db158fd0,6
0eD6394E5a149A3,5
d29233F5C42eEeE,1
C4A30bFBDb5D9dC,2
9e8CfF0fcD35dCd,3
99dfAa2DDcBbecE,2
EebfF3CeCeBFF1a,6
EFa09BB9faaB2F0,2
5EE6edD00f5Fc21,4
5F39ddFEc8b0e6c,2
Dc24eA9Ba0aF29f,5
Ccc869E8BC9EDEA,5
1df1f2DA4c03b9A,6
7Bd7d2bE34477cf,3
AacB0FEdE7c96Df,3
cd92afE9D4d95Ec,5
EC8282dfA59B59C,2
1CAADd0340B642f,6
CC64abD2Bcb03eb,6
8E86dDdcCE8ee80,5
9Cb8296F2e79259,1
2090cBb8B6f6ACC,1
e6116aCC9Ae85EA,4
838ed28B6DfA578,4
25D26e5D30bf3D3,3
dEbC76fE9Ca91e3,5
aB7BBaAFFE60A1f,2
B8dfA76eAEf8FEB,4
aa7FA01d3FF34FD,5
92bdd7aAa39d0eA,5
0eBb13eB3f10A4d,5
acDEb7d6e1dc0F6,3
Ee12e2deB8eBBAF,5
5F691A013c4aEb8,5
B8D9F7868cb5FDC,4
7EDf3E945EcaA1B,5
eB934e6d39B095e,2
e614EBEbFBC1A0C,3
6ff3C95aC22db75,2
73aE92EFFcE1bE8,6
EbfB2C2E079DE09,3
2adEaD1fbf63dd7,6
cfde2C60632Bb93,6
1F049b09b9e7aBC,2
9faa088b5134D5f,5
b9F6119eb846962,6
5D60DE3bEff7a21,5
C90C2dBc0Ad6dBd,5
86E4819F0cCDACb,2
43b8972C0daeFb2,4
c074Eac9492EB99,4
a451A8E7adf58ef,5
4d8367B5caEBebf,5
938A00D8307a1B8,5
f4CD609b1D8ADE3,5
E146B20C42dd9cF,5
EEcDd442ce7Bb1B,6
7Ad05ea68EFBb11,6
2fd6fc35def9FFc,5
BAd8200deadc8fB,1
2D2Fa51deE8c00E,3
A5c7A6af1C73090,1
FBb6aDEB9796eFC,7
C0eA2ca7eCc81B4,1
d03C7D17fecAF5F,4
3a6e75de6BFc0E6,1
f2B5a8f213c61C2,1
dc6BD8cb2F6EFeF,3
E162dF24Ef862B1,2
ab1AcF6E3f7A2E7,3
0532Cf0fF6AdEa2,2
dd748AE1Aa481A1,5
dBdaCCD436edc67,4
a41C1Bb7460cCFE,4
BC3FaDD3dE15d05,4
6678f03412bED67,6
26cb9EABd8a5aB9,5
Dd0bfF4A9bCfEA5,6
da47F1e1EFE15D5,6
2AdBaAA3e2ABB7c,6
C1e13136CfAaF4c,4
0F25Ee7C9AeA7c2,3
ED2f857e43FFeF8,1
4DDBBAe15fc6be6,5
905CF81D256f3bF,2
fE8aA3354964951,1
D176BcdCb70fCe5,5
593f339ce45bdfa,2
Cb52543fFb7A1D7,3
6Ef15D2AE5f801b,5
FDEbEE61d262F6a,3
e97A7c30Adc45b3,1
073BC2A168bdfC1,6
f4cE57fB1c6d7C7,2
3d7b2fc91e5fF9a,4
aAD394E2EB0baDb,5
518fCF4324B1FD2,6
031aFDd9BE33C3B,5
b93A7A2cCe0A632,1
8E37AbbDA17C4C8,5
7f1F6Df6BdF7e63,3
175f166043df2a4,5
bf88CaABCf3dcBD,6
a8CCDDBB84B402E,4
ec9fb5423CbE09C,4
Bd017f917c0Db3C,3
eDE7DA182EDe976,1
dD3FCCd6ea735CD,6
15C524bD80bbaD0,2
ad3Ecd5e4CD2A2E,3
4312eB44eE1a1ab,6
A94ED3dbb63ca83,2
9bfa95cBABfBfa3,6
4D6A5f167b0BC40,2
6Caec79bF8aad7e,2
1Ba8d3d8CFA3A6e,5
E6215ebEBC36eAa,1
BbedF4c88e2Bc2A,6
B49de744Ab5bbdE,6
7DAd4d542C0E9BF,5
BcC2EFEdb6216de,1
121DFB7aeddd0e6,2
9B55CEBae8911B7,5
73d1bA77Fe1b759,3
b942D2a6c1f32F3,3
3fC2B2FBaEaABa6,2
fB0aeae91F6C3c3,4
B435B8e037cc986,5
bfDCcAbA4893e98,5
a7b198a5f9D6938,1
E77E0Bf5D416e8B,2
e3Ac92cA804AB3F,5
A1d2864A2Df1b4c,5
dDD87A43D896C0d,4
7D0370c49e891Ac,4
1e5bba109B4b059,4
d9b1CE311CBC19D,5
D70334aA1951f7c,5
e31fECfc6D9bB2a,5
ccc7A90F25B8976,6
46eEa9D4C49FC68,6
1D065Ac73dae08c,4
CAc77B224Ed02AA,5
E3ccA30ab4E4D47,2
1B5fa39CC5f42fb,2
90cA0343ebAeB6E,2
fbC6aeDF0EC6cCf,2
b2B5cDCFEA2EC68,3
C017d1E5C5Fe66D,2
c2e3d2F56cbF9dD,2
7C0fD50B00fee00,5
fAb1Bbf1377eBcc,3
8Ea0Ab779BeAEfA,3
13376DE7368C9cB,3
160EbFeDf89E7ac,2
D7F36BCd03C7FaF,2
9c2e9C6E78a3965,7
11bC0bE296fdaFb,4
c8a9B37FA0fFD2d,2
dCFe9B6FbDccAEe,3
79BDC94fA4B1100,2
DDAE7921939e4ae,6
7b553AfEF10f497,4
44af4c52cC8000E,6
b77E1EAd78DED17,2
3ddBdB6f7CCc8a2,3
92bE6a94cc0EeCb,6
aDfA1BDB37f66aa,2
e0abC153ED1e477,2
4b6c7BF970Fef3C,3
3FCb94AAfBcecBa,4
B2934a4E1dC247c,2
f4e2bdDDDdb2f0f,1
17f5FdEAEef6DE0,5
9Af6141Bd1c3a4A,6
1dd286Ae6FBb8B8,6
AacEAFE9Cc5c5A3,1
F7546B3198C65D2,2
D5f53783D7fd6aA,5
0288b62A4C225cB,5
89f90d4Ded2d4ca,2
02eE5543A745ba4,5
22fd7d0274cBdFF,6
4b8AE467cad195d,6
d8eEe3fb144a9fE,2
d3e4F0Dd4dbdc8a,2
A584b8c45bF0D7A,4
32df4fC782CcD96,1
a7dADb0a43FEde4,5
b9d405c9a561DC2,3
DFec44eD1E06AEe,3
ab0EaD3C77BE163,5
cffcB2ea0B6fafd,5
7c6bf5bCD5fCd8D,2
bC42A58eB158f90,5
442d184F4AADA83,1
4c66CfBE2F2a5bF,1
f4B85C20bD7BDE4,2
A4aD32da0Dc4C0D,2
BE8B58FEb20836a,5
28C4b635Aac81Bd,1
90acAeE59b8Ca13,3
7afDFaEcD2DdDCc,3
B9a9ABd5E3E8DD6,4
d68A7c65aa4A1Bd,2
B8D383Fb0dD6Ce7,6
D4Ce7F86a2ECF1f,5
AfD36AD735EF320,2
160614DB1BfEB70,3
1d0a559d2B8ACF7,1
Ec4A37dc8c75FC9,2
B5AA0d71096C923,2
A212e8fC92be1E6,2
CABdC871cdCEbeb,6
70c77Bb8f5eF09a,2
8cdbbF0015Df19a,2
ECACfa1Fd25AB1C,6
A2eC8ab66BB4f36,2
d1aB6bf0b0f2B3f,6
Fe0a59C6befaE9d,5
6f9eeE0fE98e89A,4
7F46c784673E2C6,3
c2BDf6A1eB98386,2
8f422FE7C80907A,2
fE5cEe704c2d56b,2
852e7D539e8C3ac,5
2cA282ffbAcaEfd,3
89C4b0dBD0BBae4,2
3A8B7E9FfdB72CB,5
94Dc43a1338FFfF,3
67AcDB1B05FAB47,2
b33AA7Ebc3AC641,7
C1bafc3E8d5c546,3
f4ACbcf8Eb3fe04,4
550320C8dfFCAC0,5
D7DBf577C5Fa6F2,1
3b17EA55D602aEb,2
c6173271cCe3A1A,2
7Cb2b53BAeF7348,3
72CCaddc6F4CD95,6
4E8Ef42d4bb5bBa,3
68CCaadD6e62fDd,5
7D29D8BAEcBD022,2
d6Eb4c98B687a3C,2
0C8dF0bc22cCaBd,4
85E202D5257C191,1
aa4B837aa2CD68E,3
a13f5F1ff5Be6f7,3
5Ff9eff517522F6,2
DDF05468f421bAd,3
bcCbcc204fdF3ac,3
4eab6Ddc658eA8A,6
660F7cbc72e083d,4
A9Ef84E1CcBd098,5
EC7EA571fd7b7a2,6
7c1C4efBD7FFdBc,3
6ddbE2c58EAE2Eb,2
60f8aB6E9236862,2
66ebe31362a12c3,2
83EC99ECA26aD0c,5
0fCec8b3BD2656a,6
Ec7b17Bde410f15,6
A41C88B0Cba2694,5
7AE3D5Efe9C7cD9,1
1D2c0FfD9eC5f43,2
3e30FCf019dd112,2
CFf75e6aC6CDdb1,5
DE232eaEE595B04,5
4E6Fb335c0A00CD,5
Fd6a3EcCEfF0abD,2
c9B9e8f988164d4,6
6d5DCE4F6a8EdE7,6
8Dbe03dC6b5DcEC,3
6Ac1C6a47aa2BD6,2
17cBbc4EC1bbFA4,2
3C87472A59cFEB2,4
ef58D1DDCB2c3cb,2
c141eD4B9c8A30F,3
626C05b4bc0413e,3
42B6A38FF061D7D,2
4dD41d647f24bBD,2
7baFd439CCDa0bD,6
727F8cee89C7ED3,2
FcE8Ac208bE1aeE,2
c7070B0DCCC8e44,2
95BddC6FFfB8503,6
EDef1DFCa54efb7,6
aaa77f3FF67a3Ec,6
FF9D8bbF88eD259,5
b2d5B48D90278b5,2
0f3656f2EB6c0D2,2
32f3aF40BB1Dba2,3
6A79a45b9a4bfEf,5
8d7A78bD5b1d3AB,2
B06bCd8468Dbed1,2
5ae4aC3F6Ba1d3d,3
1Be5382df9D2f4A,6
2C08f9cD28bD034,6
ECB2F7dB96DFC38,3
fb6D40825fdaf6b,3
FDaDA93Aa9d8FEe,6
fcffBe0ebC06121,5
D4580c8c2e10021,5
D78e5Cf2db8eE1e,4
d05b4876419b31e,4
EdD3CAe9ebbfcAC,5
68f35DfebFdbF78,2
B6aC9e131b4DEbB,5
e73c044DcA03Dad,5
6b7BbFe17c77b33,2
A499BE9EfF1dcD6,3
eaF6e9C99803B27,2
3BeD2fB1eD0CA1c,6
9aE50EEe8bDda1B,5
644BC0Df7b9c124,2
52C62f9cefe9F3f,5
Ff6B215F200Da14,7
8AcAFdDD6e2ACe5,2
6Ace37BAaFd991c,5
E6cCaEdE513B6Be,5
b07df24efC15638,5
1271ab323BDd6EE,2
F8BBe4370ec7970,5
BBe1e802a71A2f3,6
aCCF3e7CcDb163F,2
a8c60cfFCC2aFBe,1
5BdF7B1C9FCFF8d,1
559a262dCceB52a,5
AfFE97915Dffd5d,3
aC6A73700dd8a5a,6
EF4612107BCECaD,5
A0baDD2aFD82CEb,5
1cDC4d0b221eAa0,6
9aaFEc12ebdA078,4
CDe6dfCcaAbEd92,2
bc5E8cCD2F8792A,6
69175Dc6eA96379,7
a5F8E0cdDeBdAEC,1
a131C83BaE375Ec,2
ECb66eD1affA0e6,4
acaABF2A9624c51,2
5daD4fCCD6703D2,4
9Ff42daAFdBBbD0,2
B8E9b20EB2FD7d3,4
418e5e77beE9EeD,4
5f6AD4e6aEf3fA0,2
cda75ddc3a55DB8,5
Ca122b11abdd9db,2
dDACDa6a826FCc3,3
44dAEf0dC34f4a0,5
aaD5f6C3AFA5F0b,2
eE2Ca5dDeC4eb69,6
95CeeDFf09f111e,2
b12d7F6Ad4992C1,1
efA407BeB65d3B6,3
Ff9ed717387dDF0,2
2b5CA67bA4bf0Aa,2
70a8f87FBDb2bC9,2
0D279Ef42EC9FfA,5
d544Be64eBeef28,2
7DCD9E14bF0c7BD,2
7EbEec1BDADD5E2,6
2c94Faae4bc492D,4
a86aA2CeCE90F68,5
EA367481F1edAcB,1
F2e28aAFEA96Ee7,5
A1a5D94CA89eb9E,2
03B3EC2516Dcc0D,2
E5EcbF83bC7BBA5,2
81BC87939a70f03,1
fe1c5a02B8b72Ec,5
d22BD8e36C6d00A,6
2dfC6A5Df63275a,3
e8BBE4D5FeE36dB,2
e52bC47Fe9d36d9,2
Bcb0bdCB05ac910,6
1725BB2361724f2,2
9DA56e76DF1cAE5,2
DE0F65f3Cbac05C,2
e5E6F948f46EB4f,2
8D869e41DdeaAAd,6
67d218d6C8fe5Cd,3
8BC083CC085E07f,4
72DE16baF1Ad30b,6
63ecaC4ab73c756,4
F8DDc5dc492B743,2
7A5Cc11F4EaeEbc,6
e80BFF7BafaA3CB,1
98aFb8fC645c0DD,4
177c12F4FfE57FD,4
fd7AAC70ECD1b0F,5
B06C0B8389CbEfF,6
E901F75fc8D6afe,4
b22f8325DcCCcdB,2
5e45D96B2d0d731,4
1Ae7de7Cdad3561,2
DBc2fE35Be6CC5e,4
baabd7844a5A59E,5
f84f6de6f3D13FA,6
2FA953ebfeFaFd3,7
69d8f019022Fd44,3
de6D243188eb6aE,6
7756DE96191eaBe,2
5aAE6b3a8a8FB60,5
E7f238eBD7F4CbE,5
965A217c9d18E59,4
B22CCeB6D3142eb,4
1903Af6df8265eD,2
a6B7d7FddFDcfF4,3
9786dCDC19D4DF9,2
5dA6dfc5EED5cb6,4
A3dcDDBf8b7D5AC,5
b94ebCcD43AdAf9,6
324D96BACCE56EA,2
3DA41176CeB77ec,2
0Db79A513B13A22,1
ecdA1de5EEc84FD,3
f249CAFDe4DEf5E,1
e88c06550cEBE6a,3
fEe187fCE695ABd,2
e601d38cE64b091,2
E2DCdbECBE5cFaB,1
1A0B589f06Bb04C,2
D331C0DeDbAc239,2
f62dD42cb83F1b1,2
bCdFCFBdcC0Cd8d,2
aEBA5B5e3EFacCC,3
4aC58Bb4b1b3e4f,2
b9224D3EDEEda53,5
CC3DB3B4FcBA8cC,5
93dcfa7F0F6dDE3,1
b7bBcf83CF1f647,3
a898eaa89dAd7F9,5
DeEBB840F077cF5,5
bB373cA85d7bcF4,6
4B87610ddffD7Ab,2
fCae615cb3F10bd,2
5A474f26656Ae7B,3
16DD10f68Ec09ec,4
EA61cDE79d0a97E,4
5e4cCaE0f224DBd,4
D1FB6CF73c4EcA4,6
1Dc7C73D3FFcCfc,2
5e7aD3BFaee41Fa,3
DdEab3E36f819Ee,2
761b7a3b98Cb283,6
cD54C16C52b772a,4
1495b1e21625D7d,7
6FD2354C5A1bA89,2
4CBB9f1075abE7b,5
FBcdbb9ae27826b,4
D23Fc2E4639c2fa,1
7CeBA0CA5E8D83A,5
Ff1CF9b5fD2FDeF,4
a0fcEba7d89EF88,2
D9D4aE64aaA0ECd,3
848ed58BD3d6CAC,2
c3bBc70cff1cbc0,5
d5686d4C70df54a,1
f6CF06d085609Ba,5
8281EccfbDe2c76,2
dBE270ccAD16C29,5
46f48D55eB21360,5
c63b437bBD0e960,5
F43fc1871BC8F2A,2
ad4C94C8aD6FE43,5
Aea95DE048BdEAa,6
A1b13FB5EC0EE24,3
eb2aeE1bFCe60af,2
d4CBA9Ee17B67d4,6
0F3Ba4E0EC5aca6,5
9fb8Fd8E6d6B046,5
4Dce7dA7bC6Cb59,2
1BDcfadbB1faDdA,2
41aFcF2Cc910D4A,2
a028394eaACD56b,5
7e6ED0BECe27eBf,2
4342cEDF5fC247b,2
3DE2d9D2fCDcd6C,2
aC73293ef7bc4f6,5
e2A6B2Cd7caFbc3,6
c034Dfd3dBe497a,6
0bEcACFbf614BdF,7
704a667Ebb20F54,4
7c916A5cA818019,2
b6b147B1f2Daa5c,5
cC4EFb394e1a154,2
Ad6ebd11603dEDB,6
76f907bf16E0D1b,2
c9b7512a372f95E,5
e708375fccca70F,5
F664c2DE1AAbD93,2
9d80E2DF1CE1E09,5
5F69c14Df7bf3Fc,5
cFcFE93cCF66D48,5
DDbf8dAcDeEAACB,5
D5B3dE9c04cdbaC,6
5078EeFC16495A6,2
ceeFECDF1A2BB5b,1
341B3aa1f8eeA3c,6
4D5F332199220bb,7
eBDEBdA00C681A5,2
8CAfdAB775c6dF6,3
beFDfe1db2955BE,2
4beABBFdeBEbdCD,1
CAa95e6EfCE4f8d,3
b25CcaD6D76DDEc,4
fDfE1F7F3E9E5Ca,2
b2CF31fC03bC3d3,3
8521Af6ebD4ACF7,5
543da671ab782B9,3
d4Fd71569aC10E8,6
6611465655a9bFF,4
AD5e8Ec03C49B82,4
1af85542CF5e48E,4
01CE4deaAFeB31d,6
51e6e4AC4bB86C1,1
7A514c4c2eDF6EE,5
bCeF5dfc39c6D87,3
dac6A0C75F1DfCB,5
D3f56bfCAEBe928,3
F3Ab29f18C5D35A,2
4CfF6EC1cCc06F1,2
70939BA99387fC1,2
6aD6BF457672D59,2
fCCE49cB0BB4BEC,6
74Ef173C1CFa265,5
D2A367C3CCAAB0b,3
Fe2EDBCEC7c670E,2
4dDaFc8acC3Cea6,6
5c1d75Fa2bc63bE,6
Cca8FB872Db8Ba2,5
F3B8DB99E7dbcA8,3
0AD5Ad8BD97bAbB,2
7f4f9f35D02D50d,5
Af9b74B1CC9FFaf,4
CEeca8Fc84795FE,2
Dd34d752dB6D07f,3
8EcdDc64273E9dB,2
0A7aA2daD8e5A8a,4
cACF38E0f3eD7cd,2
eD794e7c441b2C5,6
385EEbb1B8DaeDa,5
6f28aB1a156a779,5
6ef6f4afFA9Ab86,6
8CeEB126e1cF4c8,1
C89baBd72d502BD,2
e3CFdf3aba3aDf4,3
6FA6adC7b2eAfc7,2
fae8c6CaAdeB489,2
d591a77FEB0dA35,5
c5002fA1eF39d3E,2
CBD6C9FC7C7F20d,2
913E34ADaF8Aa24,5
64a28EaabD4aCDa,6
CfDcE61cCc213d3,2
461FA5ebCFC3Dc5,2
EBAE5ebF19FCBe2,5
E1D7F057A33d114,6
E95efcc7081BE66,2
08DeaceCDE3f0BE,2
eEC4Cd0B5Ab0E7e,2
431B47f86fDb823,3
a6Cf25EE906Dd45,6
a78b6BaceFaFb85,2
7CabfFdef63D0Cb,2
e30CfB462BCBFB7,1
6f4554eABCAB6BA,1
252D8742F063F4d,6
dD734c7d1557d70,3
f0dbfA111dfdaAF,5
B5d0BDA1B35348b,2
dcDAbc7cCEFaFcF,3
7ed222bF2AB7E8a,2
9Db1b779e77Bb61,3
4c387Fb609b9ab2,4
c6Fedc2EDA207d4,2
BF64353e9bE678D,2
30E6DEC28f209b3,2
aDBE88daCa16bE8,6
126D7F1Bf2f7a8d,3
54F15f5Eccfe9A4,5
Dabd1B9beEB9048,2
bDDdaeBef0a501e,2
Eb7f32c3e0CD3C4,6
9fA7DD75B35BAFE,6
6267dfDAFdc9a6A,2
4F11EF068FFB5ae,3
8d8F65Abc07f485,2
1F2Eca3efb1952C,6
2e3b4EDF29bc9F7,5
CbfE0AAD766731c,5
8cDcCcD8b4e9E54,5
521dE711BAcF11a,6
BcAd64Aec686bAD,4
72317DE2C6C9bE3,3
0C2955fCE5DE92a,6
8A0a81BAebF30b8,5
3BC5eAFBDA91a7C,5
E5d7AFE8eBb50D7,5
0bF8e51a8bBD1ec,5
6c1F6AF84747BA7,2
f30bbbCad680CEf,3
Fb8d94DfC8c3cb7,3
0C424617D3397ba,4
AE692a3eA0b0403,3
d8FCF901f1ECddc,2
f1b5Af6ad4CC7DA,3
E7846f46b948e7f,5
5BD4ADebddb60Bf,1
b0b04dB3584eaaf,1
f6E442821cc63C1,2
a6afFfD2116A88A,6
C0Bb6eDaa59B4E4,5
f97E8cfDAEB6270,2
c7b74f3253A8Fa0,6
6FccAf74BBCcFAf,7
d37F0dE1e681efF,5
8e42F73b8E4842f,2
F338CeDA70662cE,5
846ECc3917D06AE,4
790452bd10Fe9a7,5
Dc0cBe355f2AfAC,4
B0EA8F1E159fbD4,5
1DC63cA6a536EeD,2
56fb2bE7c21ccbE,3
EFaf5A82fEC0b7F,6
2F2C568EbEaf429,2
E0bf875d12DC48b,3
53aBb3996A6AD4C,6
F61AC5CADB2A625,2
6dc0cbcfeB5518A,1
c4B8cAF789cC9ba,5
Ca860CDbd3E0eB8,3
487e9DcF310a98f,2
f41DAaAe8Aadf0e,2
B0C68F60EDEaF06,2
dAC2F91cC10e1dE,5
dEAb036bdE49305,4
2A529C9e0aBBC8D,2
FfeB4DCFf648Fd4,2
6AFB09d0A3f8Fa7,6
4bF6BbF1A7cBBDF,1
17d1aFEDEe0e9d2,6
dE2E8CB453152fC,2
8d7DFCaAdE4408C,2
f06C9EAbef2fbEa,5
cc8e1b8D752a2bE,5
bAd457B414bDDff,6
EE19620cC7BB8E9,3
0cDad7d6CE27BDE,1
ab0D7e2e3A6e0Eb,6
eFE46035218bde4,2
c3bFDf20FBFeCa7,3
f75dBda9aFB0C2d,2
4B56eBA4E189428,6
81387bFE3EfbF37,5
18c8C8F82253Fc8,5
4BAFBFA58A5A26d,5
01D9Db6fC7e3cFA,6
8CBEE74dD5c4D7e,2
7C916f7732355ad,2
Db2E555F2e0dA67,2
60B6c5e97D0fF4E,5
5F0cEAB4CeAbdDE,2
dF77fdAE9F55Dc8,6
0A9D70AeD3F5ADc,5
d822aee8B56Ff0E,2
5fcEeCE7CEcaf4b,2
8f5169fb4d78e91,3
FAA11bBEcCfA710,4
Bf5c3EF6B8aEf52,5
Cd16F6E5305CF9e,6
6DB76f2EC6793ae,3
07fFdB75AB3BA11,2
B6AC73F9f48A9Db,3
E81345a8b8f6FDA,5
C3C8AdDaEc51FEb,5
ee5cEADfdBdae2C,4
64AE711BE5B8A1a,5
e551702602AE1C9,3
Ee7Bcb36a1bdaBd,6
B4DACF1E4591b9A,3
aE93beEC2513F87,2
5Ca53eAcb78fBf0,3
bBbef704a20af0C,6
ac8179DfaDDC377,5
91DaE5bAa90dB30,3
dEB8d9604A5F0B6,2
0F0A08ab973902C,2
8DEEbab9dC348f0,1
3d7503342dBDaF6,5
d2d80FC97c42B1E,6
abc7ECa0EE0BeBf,1
B2f93BcbD4FFd42,5
97eAc20f1E1EA01,5
3cFAdd1dA26aDb6,4
B3E6375e9AEe1dc,3
ADbcd6AD2D7E436,2
cAE9cd4AC9DBbea,2
15Bd7792CF0bEFB,6
81cccd67136Ac73,1
D8E0BFb4B685eC9,5
92abCc841Edf31E,6
B7afe9EdE1CABB4,2
57ebB22C015ab6C,4
43D9Ae4c2aD7843,3
6cAa9c577098E3e,6
cDB399D7404F94C,2
cBC3effdfd325d4,4
43A3Cb120963cfB,2
CAbF6aDec86ECf4,7
6AAe6F7bdF6F5fB,6
Ef77a1b45DBA5bD,3
3D1f08ccdbe641f,3
57aAe5eeDbabeda,3
eDaDe50CaED5ec7,2
B0CA9bA373d8F12,2
8e236fD1d3C49a3,2
FA76Fd758Ab0B57,6
6d6ee8a3B6edCF6,6
1cF4bB0d2eC5cAF,4
eD613673749CCc9,5
e9331700C9Dc3FA,3
bdD17C35bf5c3F1,2
Df7fb5623d66Afd,3
3CD3aCffBdDF51e,5
DED2cBB8Cb1E1F9,6
0c218Ec5c80eBC2,5
17C27B9fa39932C,6
AD1f1c7e0F20db1,2
A3cf45B3295eC29,5
72D94bec6435137,6
AC950e3fb9Be4Cd,2
4F7942BDC8a8530,3
dE84aB98FFFd9CE,2
E7AcBC1e27E01AE,6
2A5CADC2e228f38,2
FCb2a6aDfbD39BA,6
Dd6eed5AAbAdebC,3
8cbc6aA2d5b7e5E,4
D9fac7b4aEeD9cF,6
E8819D8e206DF59,3
5e0CaC4AFBbBaFc,2
caDEba5aDAabc5c,2
cF1f583CcB6A7dC,4
5aCF7d6F2531aAA,4
02DF0c2FAd5Ac8b,5
D9523bbB0E5adbD,6
7E03b3cDEd037D3,3
3EbFaB6dcB5D590,2
83E55CDb30aE3B5,2
7B3b173a35ad0cd,5
0aEfDBeE1DE92aF,2
4635aADc656Dd18,6
cA3EdeBdD465EE4,5
Bb0c7b8e50B7B23,2
fC789ac937f276B,2
b4eFBa37AA15BED,3
c10AA8491feeFA5,2
5E9c5bdbaD6b60B,5
6f8317e1c894eB7,4
B13aCfe00d54c8c,5
727fa8B5a6dc668,2
4e2aecfc064C4ed,6
faBaF482dae5d0c,5
ab47422BaEF190f,6
4BEE157aEBeD66B,5
C6Cd9fDc5f0Ac9a,5
AB43f6fAf205dfe,3
fb1300C13128C1d,1
ae7A2DAf2DbE84c,3
da1DDF62B8BbF10,4
27dc59eA9ddc149,7
2adf0A5cE8EF931,5
08e15Cf9ad793cB,2
e3D1B26BB2B07Cf,4
De0A791beCcDaab,6
cD4dBBb00baaE4b,5
FEdec2Cd8158219,2
B165d7a51Aa8EEA,4
08F08E5BEE9EfCC,4
D16aC6a3CD26BeE,6
2137ffBcE8c6F9f,3
9AE2676cDaF03Ef,4
9ED9413EBa2DA92,4
efbCB663Cde63E0,6
5DA9756d6bDc9b1,6
002CE280aA9E4Ab,5
0D4b8EDA696F1D0,2
cFD4Abc39B4DB1c,5
a2CD91Df0A5B926,2
Ce2ea501f6C8d4A,3
c700f39acEc5026,3
829fe562Cdf5dfa,4
C1AcfeD08af9eed,6
0ffCAce0BAeeB2D,2
CE2Db5eA12c8Ad1,4
16eFA8DbBE0c69A,3
c51F6fb7F0DC30a,6
b7ab2aDaabf673e,3
A0f7e089548e18a,2
c0DbB210a80CEE8,5
0Ec9326c2ECc5Be,2
dAE5d3b5b23C9Ec,6
0bcDEfAaE7b322B,4
B411fE9f3Be8EC0,5
Cdd85bbFA4E8FB2,5
d9D7840B7734c6D,2
6F97B5C5Bd5D1A4,4
2cCbA9aBe134E0E,3
9DBFBe2cbfd0abA,5
B7562BefbD7571A,4
33A99E7f8DaBCcF,6
eE69DdBF116CA85,3
eaa9BD1C5bBEeBd,5
C2Cc1b55C466401,2
58A56fE8C49A89f,2
eEc7E6b79F14753,5
f1BEd975d048EB3,2
F1B42bA9562dDcB,2
4Dd5FeB56164EC4,6
3dB8f2A3eB9902b,2
27dB6FAB6288f9A,2
ace71Ee5bACd6c4,5
b69eE8F8B6FC7B9,5
75BbeA8C484Fae7,2
aD1A5dc3ca1c3Be,6
cA9FC1ABde4cAe1,1
3Bf0efa2a1D4D2C,4
f368aDE1Ee9f93a,3
2ACfbF91ff3C5d3,5
848A6B5aFdE8Ef1,5
FadBDCe4DC51FD5,2
A2e41Ce8ccb3ec6,5
A6864B82D54C33A,2
De39eeE019473D3,2
F03ec188621a1Df,2
8Abc1DD6DFDeB40,6
bfaeAAc7f4aBeAe,4
BA3326bA69531DC,3
FaaDC6CacD4Fbfd,6
eCb9BcfdB0f81C1,3
94eEaFda79576f6,4
4DC88861DE170E5,4
F2c5A34fc044E6E,5
bd7dd48599eB9e3,2
fddC4a0A6d16e67,6
bf4abb3e3b3b09D,4
5c3094b8C2A8b44,3
1E6D9D5cDde85e1,3
03Cf8cAcFcBCe22,6
e8E75EabCf1aB95,2
bDaa2EBFF88e117,6
731475D4Dd7E99F,5
fc95CDa3e53f1aB,3
1AC7dA00caee5c9,6
E0DF0dD3DA9EbD5,3
9aFbbe1aac4EDA0,4
D1C9e75ec1053cA,3
6856C8276FeBaFd,2
87515e0BBAfBcdE,1
FACeBfD69B09e06,2
b79eAAab049abd9,4
BF49aA2EDdBC12f,2
Af71DaCD89d4d7E,6
0C49Cf22b2cfb28,6
cbc81eDe79DA7A6,6
C96D3a0EAaB3eE0,3
149AdcAd32a8AE8,2
CEeD4Cb1feBcDd0,5
cc3c947Af3FB7Fc,5
5d7b8FDeBcBD8c7,6
dF6a6a4aFA204E2,2
F2Eec07Fbc6b655,4
DaB3F7380E4D27D,5
4e8d4E6aE9C12e4,5
1b4c0BbDD1BcDBC,3
Ea51917eb9Efd53,2
aEAF705e98aeF1f,4
5DcC6A762eFcAaB,2
552cCfC37daFbd6,2
3Da80Aa6Ee60fE0,6
Aff9f485b25E1f5,3
55538ac028887eB,6
1afabBFC985A599,1
7eBDD7bed4c8fAd,6
1b293d3dafea2Ec,1
8BFDC1197aF186a,6
eBeF444FD1EbddD,3
f4893b8f47B2407,3
96a0acffdbB4bA9,5
eAEa10Daec688eb,2
7e727fc6eA4dcCD,3
c5238fe282D8EdE,4
4aCe37DdC35CF2b,5
Ad67De307dcF92D,4
868dAde2beA7C9c,2
2f9e9Aa70EC0dFF,3
efDBEFC2F6DDeBc,3
C3cF98a59BbfD99,2
16BE1e44DBfb7e1,5
C4FDDE8aF2bb162,1
a98DFC20dB2ADAd,2
a99E6FFcFAC0f96,6
Acd262448C40EF1,1
E216803DC19c2B9,2
09110c5906f415E,2
fFF722Ba18577fF,5
80dBbEaaeF3dc36,2
7745CA3B0bE5A60,2
4e3DDE16fdE113b,2
c5F140316405Dc9,2
fdCE19f12B50fe0,4
5622c4c35ef1C8D,6
55EFDc6e9dE3D88,1
f80Df37aEAaaFCb,1
94ADF15D9fa9f14,3
E3E7999da52e29F,4
Ca617eeA242EC18,3
cEf11388a6DAff4,6
6e7C4e7Cf9A0CF0,4
23aA6BC3E34AD06,3
65C0dEF4CE9EC2B,5
A293f9300Cf1Be5,6
5E8B5e55afAA7e0,6
0f92CdCb4744ab6,2
c2FBCEF34aDbC40,6
5E600Be0aFeafFb,7
A6bAbaAD1EAB432,6
ed6Ee45Fd7ec2Fd,6
57A1B7d611f0d3e,2
D9ff1909a495aEE,3
312F7cc2fCd6c6A,3
bd45Dc5a63DeEAE,2
dCe0EE4A7BEEB4B,6
42F4E43E70C51BA,4
0FEC85dee4688a7,3
54Df7851b1f0b9A,2
e40dc7268CDE3AC,4
b2e55D2157543C6,3
E9D3fe59fFEdCdd,2
61a7B3DBD4843cC,3
19EebAc7Bb73643,2
052da708D3c0d0C,1
2DB1fFbcc177e48,5
2d6cc620a2ce6E1,5
3Bb4Ed995ec1fBd,3
aECfbd8D1FdFdA7,2
A985E1C8ACbd5ef,5
aaF7a1815fa82d3,5
B187C65Df4103a8,2
Eb5dF382DcCC819,3
bB6f0C3B5C4D94b,2
12953E01aa2A10e,3
CdEe0FfBa52661a,5
afDFEAa1d266eEF,3
2df7b3f53E0B55e,6
3AabDd08dFa19f5,2
f1534f90a7D20DF,2
0CE0dFfB817DB3F,5
bb8FE12BeA2ef3A,5
fCF65Ef572F8F53,5
f7bDf883b73bD28,6
00B68E09ACa07C2,4
fA48ADBbAa602C9,5
5edBb9710CBEaBE,1
F05A7CC71c843Bf,3
F7e62F98fcedD0C,6
A9CFFff5Ea98B2C,5
fD4B3ea115ccbf6,5
F4BeCFcc651e4F4,1
6eb3E9F5Df159e0,2
7F3A8ff2e66c3cC,5
2386cCA9Fb089Ce,5
ffADCB7b70D552D,2
AF93c224d1B0B1F,7
475C0E86625ACBc,2
668c4Ac7DCB0B0B,2
9ef5547c7acAB52,4
FefEea836eaea7e,3
90B1fF460a862F6,2
9b1a6cC7be47E59,3
5e864594CF35D4f,5
Ca2169A25dE6E7B,6
Cb534903DfbBF4a,6
2bB9C706526f7C7,3
d11F8b95DdCF69A,5
AF0Fc7Fb53DfaaF,2
2016bfB7D0feA72,2
476B0F88A35eac0,2
7EAEd6Bd4e05f6b,2
456da18F04Fa6b4,2
ab0DB81AC3f394b,1
8eA62FeB3803296,6
4cF9bAFD9f05Ea3,2
D282BcdBED30C3D,2
01a483bE57FDc44,6
8fdb69EE67cf88c,5
FcB8F4d5AFD1B8d,5
B240E8dE8b9E1c8,5
da9FeCAC12CDeAD,6
8D5f154E3AA0Bbd,6
A4f2464f3A00c41,4
e7FAA10edA5c8cA,6
24E4cEf21d6D52c,2
BCC1Cd6Accf42da,6
3C51dCbFF84FA3e,2
4df868356325895,5
1ad7ECbf7Fc41fE,3
Ad8B37f0B8ec89E,6
3EFE4beBBEfCaE1,3
5Fc4F4576BD2CEa,5
54CBc61b8303d25,4
456FA9F16d3Abbc,5
1EccFFbBFBB98AF,2
dbADf9aDcD4eaea,5
1D8c5ECDc9bfedA,1
f9CaeDd9CCE2Ea9,5
eBbB909F5AB7461,4
4Bd7d7c353445ee,5
7E5dfC882db0Ff9,3
D8a05be6419Da8D,4
Cb14bADaee2836A,6
f8cA911d17cd5DF,4
DF5088f29DC3D08,3
7B8f76F335e1d98,2
a6FFBAaC54dcb2B,4
C874e165ee078bC,2
ED18eF3Ed5b74d7,1
9cCdc12ff864AFc,3
B913E281dCc7DBF,3
F4DEeFaA8Cd55D4,6
9B27DEedC50830f,4
e6Da86820C01e2F,5
b9eCC9e14fFbeD9,2
D02DcdA02dF6BB8,5
c2693D392DFB93D,4
ccc3fdf23B8930D,4
FD9cfA1Bd0cd815,5
A0995B9e6DCB00F,3
C9BFc8057B7998f,4
d8E84fFdA1E0BE3,4
00aa3BbA5E06baf,4
272dDEf319AFD02,5
e5234f406eA0479,5
EE7B0EDc0e832DC,1
C381B92BB2A7fc4,4
18873c5BEAb2072,2
ABB9becabC67E1C,2
B4ac8535d700b4F,2
A8BFE9ff5bb03fF,6
fEAa4CC5eEdD123,3
faB2ef1D7c970f4,2
b19325BC9af2C2a,5
8d97fcdCB5d72CA,6
bC9bddd4830a95d,3
c8E5DA65eF90eF8,2
DbA140E50F448dD,3
Ac68eBDd73Fcf63,5
caFE7ed69E50eB2,7
F944eAF42f48A42,5
3c5FeA4afBdfB61,6
db2deDdad5aDA72,3
BBDEf355DdAFeC6,3
843AE3FE5EC2CbA,5
8fb41c7d92d2edF,4
9342C1d5ABEf296,2
ABDE5e92E329676,2
a9b0DBbd7DcB4f7,6
4AdfA8feEdCB9ac,4
fcCf4B1ecff1B06,2
Bd56c48A6D9fF21,6
62a9eAC8669832C,5
FFD249EFf49b77B,6
1cAFD269E6e71e6,2
Eb4DcB59C7eD9B1,5
5B8FCb73c62eB17,5
a6F8218e517d10A,6
b6bf1EabEFBDfA6,2
06FC8872DcEB416,6
aafC6CFc07e9b27,2
3c976979593366f,1
90c77065A892537,2
1BB6d7EaA449BA5,2
BF73d6da9252a92,5
BCe3FdE90cf7Efe,2
e429D794a4886bb,6
a8398FFA5F91ABe,5
26fEA7f9aaFE5F1,6
7C8B9db956dbE7a,3
AEb0D4Eeb2Deb31,2
177AB1e319d40d7,3
dBf73D006E0B54D,5
bB3886CE2dE6aAd,2
AC9ac5A9d7Ad72c,1
2Defcee98904e4E,2
C7b93a4b36e072b,5
deeeE3A4F07Ae3B,6
f2aB92CBf20BdFa,3
49aBCFC9ef8c5ee,2
EAfEE59Ca9B90ba,3
EBD1f4cda19Cec0,4
EBf2acC833cdBd6,5
AFfa35d5EAdABd0,4
1dCB1fEAc43F8D0,6
FfAe93a4b4BF34d,2
3Ee3022b6c8CE9d,4
fd7eFE5caAb0a1A,2
9D2Afe9FFFd306f,6
Fd0feC35BfBDfeC,5
e4C6a4b7a52b11E,4
1dD11d4491b172d,6
f0fB84Cf4EAdF11,6
2eFD80eCEB0FC3E,6
8c4aA3C6b1b9a7C,6
6dac5C4cd9fCEA6,3
3F0E69fB26438E1,7
FD235ADcbADc5F5,5
7d6072DEFDCFF02,2
E4eFe4d0583be75,3
DDDCcc0aC4D752d,5
b75A9FD3ABbfA94,6
357e1050786AD8d,3
Ad2C486E386A7a9,2
93212a67AEd1d38,5
6CdeF9b458456cE,2
85BfAD2DBbde41d,2
63fcC3eD1D80EdF,3
BA292c9FD700EA8,2
8fDba5AEEF552a2,2
f1d89eD1c3d6f9f,6
aDDB5b0913138Bb,6
8c95eeF3D6ff9CC,2
BbfE0fb6e806dEb,5
5E6aFd482fb3d94,2
CBF224715bEaAaB,2
EA14DfC92ADDFcd,5
6BaAfb7be6764aA,2
c22eD4a0E645Eda,4
e7c0fC353dcdDC8,2
1c44E8003aEe26d,3
60D663CDbEf5C9d,3
bD7f6F72E5A275B,6
Dc8AB406bC7b19C,4
Ef70f8c09CCA4ea,2
cbcDDBBDd146aaF,5
eb7bd1c0F9cfcf8,5
87fDaDcC9E4E70B,5
aE7D3b47EF5a36C,5
fc08C64e1EcC523,3
a1f0D74C8efcF92,1
edAf60FcC0bFeBe,5
DCEBF2D14Bcf41F,2
B3Da7FDaAbf0F7a,3
a0FDfbF1d0747CF,6
1fE6C4FaaF5A46c,2
66E8A8bF5EC973d,6
1d6d2F4c134e2b4,5
1C4f5ebaDabEDd4,2
594ABd577acfeE9,2
cdf1b3760a09E01,2
4Ba47B4EdccbE15,7
7e6e02B37E1aC8d,5
e4d25224C3C4eF4,2
1062E1E13f9A0c7,1
34eE7a48aC18bD9,2
c24c9fa9b84CF8D,2
92EBe5ADfa9C690,3
383DEE7eaA6EA75,7
Ea9Fbb0ae33aa8A,4
5b4B7BcC03aceAd,2
b2E870520Bc3b4d,2
309d96eea480f4a,6
DE6F3CE3BfDB4EC,2
0fb2D2cA20AaC8c,5
CFD20ebA7f83d29,6
6b0c21fdF8F8B25,5
2B5e15A8aA93c11,5
Cd2A8Ae5A9fDaB2,5
92b01Aa2B1ebfa6,5
a370ff607aEF1Db,5
3E5cdd94fF23Eeb,2
3fDB741958f03Ba,1
83ffac6534dab08,1
d36AbcEeD3a09bC,5
5C0cc1b2D4Dcdf9,2
6c12C8Edd956831,6
bBc8D500d0F5ec5,3
BbfFEEc3c005332,5
F4d4DC2dba8cf9a,5
45cd65980a4Ded1,4
ddF2dB539E6eDFd,4
E70A59998A8C4df,6
887702623b9D01c,5
9dacA5C6F8c03a1,5
BF150203Cdadf32,3
688E2EeBA6cA882,3
fE15FFCb4b4BEBB,2
AE26fDbd7F8ceEC,6
E7127E61040CFDC,1
dC1dFf3B8d2a011,6
9B6dC9fe46a3Bf9,3
0098ED83Cbd0eCb,6
99a5DeCAeCDcFBd,2
19a69C3A7AfBa14,6
Cb0437Aa1bCfBCd,6
1D8Edf0b0fe2CcD,6
cc6fac90e3809ca,5
7D12C7A8BcCCEE6,3
40Ebe8d1636f1A2,6
Dc0Cfa1cFf9c9a7,5
6cc2A2Fab623DFf,3
f47ECE4C1f3DDff,2
67fed7b57ef02E6,1
F7Aa6bad90eD01A,5
cF24719CC517cAF,5
C0eB5AC5Fd925D8,5
E9Ba84d19dFba88,3
329Dd333FbCBAb5,2
Eec9A38c8Ba1C6a,6
15d7e50FD3cbE3e,2
feAF636aCa5d207,5
d44D2A9BacA3dfc,5
84e712a5959f3bb,6
8cB3eaa1B596530,2
C811FcEA91842Dd,2
116b253eeC2e526,2
91Cbf571559cd7a,6
22ae9F4F24feA9C,3
0c3B9d878DE2fEf,5
b1C4fbD9a6b5609,2
6a36fefa3fFfA7F,4
fc3e67a1CB90323,2
23889bAAAfbDd0f,6
CEed2C6d2974Faa,4
02506ae9403a9eC,2
eB3aFd1A701F6ab,5
FBD3A873BD7fF11,6
A92A9CDd9BBa1Bc,3
267085Ca9a5B5Aa,3
C252B41F70252D8,2
54C0c8DFd495149,3
E0Ba55CD70EaF73,2
1CF5a5b618Dd40A,2
E40d6F0Ab2D1CC4,5
FFe7FfDBCd3f77F,2
7bFAb0CAa8e2Caf,2
1f4EaeB2DC0B01C,4
E43B69E2ED566Bd,2
5cCd30BCfE1b40c,5
B82c760dfEA5aFF,3
f4927FB57fbbdaF,3
C494D815Dab668f,2
BB64de6D72D46Ff,5
4AeA89E3Db08B7b,5
f2E819C84851dd3,1
49407a8d879EEED,6
44bF345d2DaD96a,5
5ecB8EaFCaBecED,6
E0974CB51Bd7eA7,2
8ea06E90968Af4b,2
dff8a341E0fbfca,3
E8eA2287EfaC5fD,3
76Da4AA0cAD8C67,3
d55F65A24F21FDe,2
f5C664Cbcd71637,6
9e5Ca427bc1746e,5
81d42B2F0f033f8,2
0b00aA8E7d02efd,5
6e8b2d24E0C4785,3
9334b2ea50cCC69,2
daFef5374cF3aed,5
9beFcf4f4Ce8B1a,1
A4eAaeCB2BDb5ba,3
54C20DCBCF5dEEA,3
bace71EDf60449A,3
ED8b2445Dd4de1A,4
20bD885FD6bAbC9,2
Be95DDDEFeEEA11,3
dfEFDB2a9f392bF,2
9901C59Add7f0ec,2
42a96BDad6FaD21,2
E98FC6beB6Dc697,2
04A6CB2baCF5a32,5
4F1bbb744AE2cDd,2
DA2a521Cf634a47,3
E1145e27b56c7c5,5
b28AD142B56Ed31,5
E7e00effD704D5D,2
89D6f1aa2e322E5,6
a04edb7A23B8a75,5
B6CF8DEd9A7A8ce,6
F6B75E023bDca4E,4
2cBcD49AfddB0D1,7
Bac2A4FD618BED3,3
BBCE4c3888afd1f,1
eEAD40DCCFF3c67,4
cfFC25c1D2E76FD,6
53ff437845faAa4,3
BD7Cd2FbbB1af93,2
a3dA28b36e11460,3
85fAaaaDE2F0a37,2
FBB9dC48B19020f,2
F1E8D6A2C8FeeDb,2
F9C188aEdd6d37c,6
fE3Be3958BDbCca,1
08Cf27CC83dE0eC,4
b9D2224E572e8Cc,2
85AbdaC6bbeF675,4
9083fbA49aAecCc,6
Be313e53ffD4b83,2
c7C96c37BE0be35,2
C2ac7fFBE3b7d38,2
3abd781D2D9A2Ec,6
F41FFA53f6f70E0,6
4f99Ce387FF2bee,3
6BF34AA5b5A43e8,6
0D129fE0aFb5CC7,5
ff1e81299CA6D51,2
56B7E97a53AAf4d,2
Cc39b35a682CabC,5
eC3dB33809Db5bC,6
FCCB47cea4bECE8,6
689b67d1d0223B1,3
5AA74dBe0B52FBd,5
A9AB6363E2FE2bE,2
90E6C2DCB8afBD9,5
D2a5790F63DD453,5
8Cbe7beebFB74Bb,2
eB28fdfcba4e635,2
9A8065dcB89d30D,3
01cbF26E7DeC1d4,3
5d87a53EAccA8ea,4
3FA55abBBB6668D,5
24C1bb71fF1F59a,2
F7Ca7bDa838Bef4,4
A45c71DdB4f84a0,1
545e1546e9EaCfA,2
863A70983fcAFdc,1
aCd4AC0c7af0822,5
ADbe67DeD09bE1d,6
f0f26E6D594b3ce,2
49f7ED4F4BAdfaA,3
Cf2cCdd13BBC0cC,5
524B33C66F551b4,3
DFE405FCF0a3551,5
daCcBA718bDCf89,3
9BaCBC1223BDFac,2
Efc50B49c4a9eB8,5
1Bfdf8bd08226fB,3
01cFb30895Efb4b,2
8FF83230fCfFBBa,5
37509FfBfaA2aaa,4
e944bEDF523C20C,5
C91e7edAC6bc2db,4
D00bc5c4fedE1AC,4
E61032a9e38e261,7
cab8df5A1e7fCcb,2
B9BDF527b5BfF25,5
E4Cb1190F65c3D7,3
af7ab11B4dD1565,5
CADd47BEe42eFfa,2
dDC4DfC226010C0,5
C9FFeeDCf23AFEE,5
D3bEd986af624Ef,3
52e2fbBb86ee2D1,3
aBc1c9baEEdEE3B,2
a005f1011Aa0F5C,2
c99Ad5fE3eF860D,1
CeA3eFd6dDCF6FD,2
51E6EDEa1B2EF87,2
93E7E2EDC27E4aC,5
822dC2c7bEb98DB,2
de3DaE2944ae07c,3
cF89fB7e157A14d,4
97bD4Ac58bb1DFa,6
DbbeDbb1e1ceca0,4
dEeF60BE7aBc5C3,6
c5AdB1A73AF9a9A,2
7cB90eeDb6E0Ecd,4
4E6c60FeD12e8fc,3
cD3F46620dDFEB9,5
3F33d0d060ba9Ad,3
014aed16b333a87,4
bF0f868D20Ca964,4
1586D9fE6221c6D,3
b8F2e167C62EedD,5
Add2B9c48589d3A,2
71A97FddAba4CFC,4
B0059F654daAD39,6
ccbbd1F573b5CF0,3
Fa4faf774aa1a1e,4
F6bDAA8F7C2B10B,6
F936Fd8246410E8,6
e9F94aeCb9Cce97,5
c358150F6a0a0C6,4
D2Bb390AeEAbfd4,2
EB6735112C9cDAb,6
3FBA89DbF7e0468,5
A2E12E0a8fE313A,3
ff939aDCf43C2bb,3
9216a1CCd96De38,2
460d21cC893D39b,2
Da4463d0cf0b317,5
ad29FBaCa1ef263,5
3A3E802ac3c0A4e,4
89dAfFed7AD33BD,3
027ebEf6Ae7B0af,7
ef6c4Fd6ef4ADEa,1
3FdCDBae4a46827,2
506D0B2A49BbbA9,2
CDe0f22dafA5d40,6
81cfb3aBB0A9ff8,2
091BCB57A89919C,2
128108A9d1c76C3,4
826f019725158bC,4
2Cb385a822db8FA,2
dF152a6A4EebF38,5
70BD4B04D5b35fe,2
Ea6eBb368e3eBDC,2
FBdE071e3a26Ccb,3
B937f64D494e6d4,2
BAB3Ac12C2eBa3a,4
4A86b3e472b2b61,5
908C587a38f5a3d,3
4E94fb31A1DBea0,5
3949D894C0d6E9f,6
4F8FC1C2bf08A1d,4
4FaDd3D21De3713,6
7CDcd7ec189ECAd,6
aCc07f47742ca2f,5
AE506A8a3AC8daE,2
9EEA803bb480C40,3
b9e5C5Efab1c7a2,5
C907CDde2c6c60e,2
dF424aE54F21bA3,6
0FD4f5fBAc332A4,4
D25dfFfD51f9b35,4
e5614eaDFcEd981,1
8DDD9C5ce06fDe5,3
9e7d2BBd2ab8fB8,3
Ff7BeCeE1ef8eF7,2
Bc3baC2A8A4A02A,5
E763A2a172012FA,7
41AE090fF0edd3F,4
A64A2eb102866e8,3
21D726076Ce4b4e,2
7CBE2E5ed638717,2
b6cd1c2BcAEF9F5,4
52Db5D6fBeA6AAB,6
2EDE80A545C28f6,5
aE95aD7ACCdcaB2,2
a5581C8A9ba29eB,5
Fdc8eABE0C7C4EF,3
dAbbA3bBA165DcA,6
Ef0a66EF4D28E6c,2
E7Fb53dFfFFf6BC,6
f00DDC3d4ee1ffd,6
16D8AeBeEC71de0,3
3A9A356b3C4efce,2
fAFB02FB6BE8BFD,5
169eCE6cf48bB53,3
Bf5eF75D13bcbfE,5
F5aC7EaFD6eE637,6
b48916f6F5ad4D9,3
9BaAC5B3e6fB7ab,3
Ec41AEEC832C93D,5
40fC90136d6da9b,2
Cc86FE782B3ee92,6
B062f9E24C8d4d0,5
aeEBAe8C7ca76A5,3
47fa10c4cdAdC59,4
1731d545E9ad67D,5
887FfeEf7Fd42F0,3
1fCb4bf046eA5ee,3
154c2A9CF2CaA6D,3
8bEA0Ec7Fc7CDca,1
D3B8b0e37c5AD9b,2
C2F7Da88Ad5F1D7,5
a7d77BDcb857A3E,2
70c78A51A40F15C,2
eaDC60Eea4A90cc,3
1eAeda784fFbbEF,3
a8dAAD9aB4410bD,2
dB9b5634cE9b5A6,1
936C5C4504B3E9A,4
4bA04aBfadF5ACc,6
847EF7AaCa9aCfA,2
67C0DC3aDeb9846,4
ca73744BEcFF3CD,4
Cec39869B681ffB,4
d8F78221A2D9dAE,2
dC345bAe1AcF108,2
BD0ef4FEdfFed9a,4
0cbEb23E207Ada1,5
e150CA75Cc43ea7,4
B2d4aB0638cE55b,4
b04620Fa7925A17,5
eb6C3EfF39fFC8F,5
A1F8CEEeEc4d9fF,3
1feDA9dD2C76EAD,5
9B60F2E5e7dA4E1,2
dfCEFDAeaDDFD8C,6
D4BCc4Eb5e019DF,3
b63E62cc8a37daD,3
ea9d34d09342e20,4
A48c7EF9b1e5dfb,4
9c9BDDeb137fF52,7
86DF7aAd85dEFfd,2
a25AEcdEbDf4D29,5
25F4f75DaBc1da4,2
4a34Db57EbCDcB4,5
10Dc1F26AF5E0c1,3
A39c6bcAcd056C1,2
653F29F41DcbE4B,6
9eD1f04D35bB1ef,6
890Ee43b6ACE104,6
Ee635EEf49aF7aA,5
cDD9c18A1fFb097,4
Bc87Fcf2f022b9E,2
4E8facbeFdc3f40,4
EDB29446A53d5bc,3
CfcbA0e9fc52aa9,1
eC5209c6C47e954,2
955ceF702D1A2E4,1
e524ebF22f44adB,5
AdbA0bdfada537D,1
Ab0EF6Cb8ecBA3F,5
D7F70BC5AFB65FE,3
05cf1Df9eECB3ed,3
05eaCA07fA9957B,5
1F94BBf70D99ba8,2
b7BEabF5f48f3BF,1
f11Fb87B41897D2,3
Da9E7c32BE4C0EA,2
C926C0d633bbD7D,2
b50d1A0C1Da5DBa,3
FcFf2B2dADd13Aa,6
ecF6fB64Ac59FbD,2
FB90FAce4fBD2dB,6
D3CfdBcBeDC8bd2,2
5B1bd65798f6F02,5
FD627d93BDd02Db,5
530aED4CdFA9ea9,6
D9bAffcC836b6ab,2
FA486308fEEc345,5
Fd978f98D416c4E,6
dFCFc6a13a5dC18,2
D2FdB1cA6Ec85aB,3
1BAcFc362CaA3a9,7
Ee2ca241aD20dAA,3
fFCeDE39E8b8cb0,5
dEB7AeA5DeeF5dA,2
aFC2F7fE66C88d9,2
020ADec3eCe205D,5
2bbEe7ecCb2BFDF,4
f5666E3d364FD6c,3
EcDAD29eccCe48F,4
0CDfD15A791c4f6,1
F11Df15B7F2F7ee,2
bC29F41b9EFAB22,4
0521c5D7bb26daF,6
fD8a36BDbFd2A5d,5
72665b9cF2202Eb,6
DB9F624dbb4c8ff,5
B2db1Bcff6dae82,6
eb9a46955a030C2,5
fDF25a35914ADCC,2
13c2Aa9CCeA6bEe,5
3f236dacC7104d5,6
Bca1705C93DC3b6,2
82F9baAF2FBdfdE,1
f6b9dd443294CaD,5
BDf8AFa0ACdd91c,3
3f73cEb5DBd18fF,6
fDaaD6d4a5A209b,5
0d8cB3A30D598b3,5
eDdeDd5d4aeF92c,5
1ef3B8A1A082210,3
E7D9A9b46efFcDB,3
e9495Fa400d03DD,2
fC4A6feCcff4d8f,2
292605AfbCa2bfD,5
a29B3F3BFFBDeEb,2
64591e02EEe9E62,3
30AFFC5a8eCDBEE,5
06D50e0dA72f15B,1
3D4d5cdD10Dc60D,1
1ac5BEFE450d72D,6
Bd16f19e3EF8Def,2
30C4Ad66a1f6ea4,5
d8abDeAe4DbcC1a,5
eF9cEADbcFB5Fba,2
DF708FA2cB35dEc,3
4a72d6d30BBab0F,5
c004d77c92B99a2,4
aEd182DCcd7b0a0,6
0fD4eCebe1F2E78,6
AAc6404F1dc611f,4
666EaE14E7bc567,1
A9Dde0EC6a5DAD6,2
6Dc3DA836CfcAbd,6
c7942caffD23b8D,2
1b932fDC16f2b5E,6
a8d78f6F4Eb4937,6
AC2Bf9A400f8D6C,6
Cd4cEcb0ac66A49,2
cb01c3837791A2a,5
1b697Fd5BDe3bCC,6
b7FDCFeFdEd9334,1
5aEBBa4630A7d9b,2
23E2AeAcddE2a3E,5
97DDc2F1FfB5122,5
AE1E78DAC13B07B,5
0A8be47E06D8bA3,5
2fDCD4bcf22ae87,5
6b9ad7bDDE70fE5,2
8d673fDF9Af3f2e,1
b5C5e5973cFfCDD,6
2BFe68E455ECD9A,2
e35853DeaBD4805,4
07BfecC1acc6B48,5
ec78aC9CE7edEa9,2
60D9E2F9e664C3b,6
1cf6d9afB7eB8ee,5
043b1A8E4B09b69,1
FDFaDa8EEbc5ee7,5
6baDCca8cDD49dC,5
fF1dCad80E92baF,2
085AE12Cf12bE07,6
8E1AecadcF7d801,4
E36B76C994Bc7EF,5
86dAd0ACe91395d,5
fDCbacAcDdadCbf,5
86a9b83b9dbB03C,5
A315535C59D05dd,5
Cbf8624a66f4c8E,4
D2E7Ab0c772a02a,5
B0DEAD0cf4121d1,6
B41887cDF8B1CA7,7
bCCD5c9C5EB1E0F,2
2B106FFEBd2Ac0F,4
222a4f8dE558C4e,5
B370A8e0F830893,2
e1cD0c7CbeF6C0C,5
4f00DfEFFD7cAE6,3
F1BdDbC47107AFc,3
71DC5e590e7eA5F,5
Ce6f95BED3bfDC2,6
4BCBA1737650Ecc,3
3d3fB4B640b395c,4
Dab0aF763214f4a,6
BfD0239c3DfAFA3,5
Cc8497ad5c84a4B,6
9bF9394556a09Ec,5
658EbC5ADDa7aef,3
5fB5Af94D5F4f0A,5
ee7Ae1fB15A27f6,6
Ccfd70F549Fe61F,6
F5B9A0BAFece59D,3
6E6d17d921FBa05,5
f7e1d6dBd0EDcdD,6
b133bBef7FFAb2E,2
F8a03c2C9B7c7e3,2
24ce59bCfcF9B8A,2
c98edffC12eF4BF,5
4bd07a7fD8c7eD6,3
e0DaFBFAC674bf5,6
c7AEdb7EEDd8a69,1
f2BDfeaCc219cE9,3
4cB9fEd77CA7af9,2
0f87f6e93277D75,2
fE3FFa3CfBdFD2A,2
0b324cdA554F00F,6
6d3c3Bb58f0c990,3
d6eEfFfFDe84BEa,3
fdbACa5aC3DBa92,4
9bf926365807B22,4
Df65ECF0c6C2Ef6,6
7E1ee04E35B30d5,2
6Aa18AeEFfCDfeC,2
AA889ffbCfe337d,4
065C5ABFdE0Ef39,7
B0a4Aee6bad6aeA,2
F8AA00fC194b5fd,2
AEeFa7F8BB9B050,6
307b7eDeA8f2ebC,6
48BaCDD999c5bCC,3
0230e2c8ffFa88A,2
ec5B8F8db8BdeCE,6
c452Cc441e3b06c,3
84Ca6ebD5b1bd2a,1
9D5b04df7DAA4C5,3
4b310e43eb672d2,5
f8a834adC1A1028,3
15b4143dAeeEcba,3
0A1E599fe47A6eD,5
8ddAb07Ffa0D341,1
fbcf3Bda38de7ec,5
1B93d877Cba8d19,6
b750DA94be9d34D,3
BAA8d2A1A13a3DC,4
5B0B7C6649aeDbD,6
85821cF8ca8fCfF,5
b6Ac749ff8dA8AB,4
Bd3f6659EA7a19b,2
F84A3EA9cBb7cDB,6
BDf3b05b0Cc434b,3
4fEbaFF6b790202,7
3DCE34Bb5F2fd0c,4
6eDBec3f87ED5FE,6
DBaA83afDd78385,2
ee0Fcc697FeccAa,4
C72DB2Ac5aD9DFf,6
972C8dFC2c083BD,2
e53D4bBf5009677,2
D6ebf60f49dEb4D,2
b2b08c22CDC6adc,5
8307E4497DBe7aD,1
324AC463cAAB1D9,1
dCCC6aDE8c59D76,4
FA9cd18fd1F8Bb1,3
7aC80f8F60D993d,2
9469a2Dcb04D0fF,3
169775fa6447D1d,2
ef54Efd4Ffc0500,5
d0Fe0ed82340d36,2
Db748cac24FcFDA,6
BbDb03eF43AD5EE,5
BAc304cFEeC2582,5
2d1A61d0ebE7B99,5
eEd3BBb93dF0924,3
45Cc8857EDD8fe1,4
bcBBB84aaDAC08d,3
fF1dCBb6935b264,1
9D8D32a6aD6b681,5
caB852A2bEe17bb,4
4EAd8BcE5bfaBae,5
35E860eAFC1aedC,3
F0aD9A6Eb5F04AE,6
FFAdD6EdAf2dF2f,2
3ef8B581cF5f29D,4
4155cdefdcDed82,5
aed6865bb8a33D7,1
7dFb31E88027C4D,6
984c9AfcACffb0E,2
64B97c0DA9539eC,2
649AEB1b6A2DdCD,5
4Bcc010aB9455AD,2
8Bde3c17c6AfF04,2
1AA9c5a0F450FEE,1
e192D7Dd51c9A9A,1
00D1bD3aeF9C1Ce,4
1Ad5fb713e4fAEC,5
D8fCD79DAA86EE5,4
C6F5cCeddb5bAd4,3
da9BE8Bc0dFf9Ee,6
709399a9E7b9ae0,3
dd2e1a0bCc3dBde,5
Ff6DC2cDEF31ac8,3
7bdA84eb5ddccF6,5
B08FFB409CaCAe5,3
B2cBCEaDfE5eC7b,2
EFE3A99E7846edC,1
39dAf964f7de2fb,2
Db4C51ad05d5ee9,5
A79876deBaA89Cf,4
9dC0b6fa61Aec56,6
9449ac7b0d0Feb4,4
814A76a1cd6CeA5,2
Ad789dF4761C678,3
DfC7c3eE1a5Eabc,1
822c5A2F1Fd9cEe,2
EA7f1A79cc59Efb,4
452C043080A0A24,4
88A5B9aC27222fe,4
9bac6dF9Baf14dB,2
aaF9303a7820286,4
88Ed39CAaedEbbD,3
b12a54f1EeCBfd6,3
33DeC4DF733B11B,4
Eab7eff2F1BB5F0,1
680F37Dd77aeB1c,5
aB2ec7AE0aDaFcd,4
9ab6f12AC6FCeD2,5
AdE38c81cf044a9,5
949DA7320EbC76f,6
ea91de3078E4a2c,2
4C6Dbd1BF6e9F7B,3
963f11FDECEaa66,5
Ff974ad8ab1D4aA,2
E4dD764fd4F55DC,3
E06Ade9F1227Fab,5
c1A45bfDaD65cE7,4
Db8b48F30bA2BA3,2
74E2628A65c6358,2
99E3EFDEC428ea3,1
0EdE0d319BcE98c,5
1b23D3eB212a71F,4
fD9CD6C7ffc8d7f,5
bb6b92fC1a5AbCD,5
e82d77d0B2Bcc60,5
9dFfEaD0CebDc64,6
b43ED938996EAFb,2
c36Af9A8756DCdf,1
E9CC5CCbcee7f09,5
8bE35deEdc7963e,3
9bd36BbaDDEfc01,2
1d28Abc5296DfAd,2
3BDAAf31CD1b1Fa,2
Ba0A2Bbdd440b17,6
4c8bdfaeF2E7923,5
b8aB55CBF68cfeA,2
08E4CB58D7db07f,5
Dcc9b215AC4fD99,5
676e3FbE8cd1f1b,6
522fBAfA1AC76dA,4
aCF9Ed0EbEdF1dD,4
aCAdb0eafB6F65d,3
72d7EEc94C2Bcdc,2
b31B3Ce05dd1e4f,6
DbaE4Eb2854Cd49,2
3aAd81F3FB301A6,2
D88677CEA0DeD4f,2
aDde4aeEe409Bf5,4
B30243C97999295,5
E7c0ba3Cd48a3cb,3
8Bd6e298a9EBdaA,5
6Bc2E6FF62F1bBE,3
6Bd3F336eCD0a5e,3
3dF0482ba2cD2db,6
5c0a520cfda4dC5,5
E0BbbFAac70b8ac,2
4FFA3e6bdbB4Ca9,6
a401464AD24f7ed,5
c44F6A39E6df15d,6
4Ff85EDeC8cBE6A,4
aFecbCaDdfdCFe7,4
F0De6Af44D1cda2,5
1DbA1dA2aABbCC3,3
F49F84bB67a23b9,6
a6C8856cEedCc43,2
C7CA03bD44fAFdc,4
dF90Ff3EBb2d4E8,3
dC40E99EAAAee59,3
665b9DBF7f80b7a,3
CBC68759a2F4d5e,3
c0af6Cc4C11e0Bf,5
39eEF2AE9c362e6,2
f93FebC4ec19Cf9,4
BaEBaDDE5fbd1E4,4
De6B4FFbac9ee4f,5
b6B0AbFeE93e86D,2
cfAF8fA7AE3Ca14,2
54270b667BB1F6e,2
b1f6a3ffECDEc0e,2
E118D0ec8845418,2
1bb7BDf7BB42505,3
65a96AE5Ca789Ba,2
F3BbffDB0Ca5CE0,6
9B674CE1ad4cB2f,3
AF3FfA0e7596A74,3
Ee725Eaa8dFC0D3,4
6Dd2C4C90d902C5,4
FFDf94aaFc7a4a9,4
325Ee2dE2123fd9,6
5a5D4ddf03dEb2e,5
5FbEFFcEF77E0bF,2
C442995e2211a93,2
FFDeED0B280CdBe,3
64A4D25aB7086eE,2
38EAfeef4ead83c,4
76eaCfD8BCf93eb,6
3aCBF12eC3AE90d,6
03D3b6FDcdF9c8b,7
C5Ae76E1e2EEd2c,2
1f87De8114cd04b,5
Eb7dCcDa0CC51fb,6
4e889fa8F7a386e,5
c8f2ab3db16Ffdd,5
9391Ea676Df4D01,2
DFa5b98cEdbDbea,4
da7fdeeF1B3552C,1
B6FeaADCEaA66B8,3
29480A042B8B9c0,6
aFecb3CcC7BE40e,3
Fd85C8BdD944c0C,5
d5f0Db4D3c4fDfb,6
1d44c3fA7B4D98e,5
cFaF1F783ecFCa7,4
dBCc5bb5d096a5F,1
96Cfd44F5BeEecb,2
D5fda527F015D82,2
a1905ae766Bc55A,1
a16F85f28Ec3B9C,4
7FB4C8877Cbd1ce,1
DD1ce0dCeB7f7Cd,5
eB66C631f3fdd26,2
fC983FacD7725ED,3
cb4acCeaD0EC5AD,4
EfdaDeB84D8Cc83,5
2E9FDFdd69262Af,2
6FF4956ef01B1d7,6
5CF8BDEEe91ba11,2
d2bB4D94BacFda7,5
BccDDdd92b190A1,4
6e8fA30B78A7a6D,2
9EEebA7ECe43af2,2
AdEff1Ba1cAb985,5
FE0d9C6846aaa6e,2
7C81D9b6BCcBB34,2
bF4Fd8760b119D1,4
DaFfb1baC9f5D79,1
9eEe9b8B6ba47C6,5
2a1abABcBC8E3bC,2
9aeFd9d249C4344,2
73efb56fdB0d96E,2
2f77c503adB5b8C,2
dFeFDfcec5f47Fe,4
aAcFd58Ae120F73,2
5cccb2Fce65d5Ca,5
5905Fd97c9bea6C,6
1f53D4386AEdbFe,2
547bcfe4400d223,1
5bFc98dca75FceF,4
8e9B738513d02fb,6
9a9A4F36bDdC87C,6
9Eff5Ab3e27674a,2
226aEA9b6337Fad,6
91956B5cA837A99,2
A9F7abaA0cdb0bE,2
4bdD76C9DD8CBd1,3
1122b1F777a9363,5
a0E1970c0Fe24d8,3
Db39aAfBb3DbA87,5
ABE1c58DdACBd7F,2
b79807aA60A2ED0,2
08F96DefCE37fFF,5
Fea62eE9ac303AC,5
6f1360CB8CAaf29,3
3dfbc6cFF6CAF89,5
5FaB31D4D8CcABA,6
8AB11ca1Ca2E26c,6
A71bfbCD69f6DDb,2
d5EeeaDCFaf78c2,4
49561c1aA0a1Eb7,1
bCebc5a75A474b4,2
D27ceDe2aC1F9De,3
51e92Cd3CaaE4Db,2
D65E7Ee99c5DA0f,5
A8F4Aac2C2db0ee,6
1CdA855b64a2fAC,2
DB4FaA19f80b3bc,3
DC623fE1fccC908,3
Cdefe389bDd83ef,5
21eF20CCc9F80bE,5
2Ec2CD98C085C5c,3
3e6a82ffeDCB560,5
e29bbBbAB5fB8bd,1
1D2A54775ba3Cf1,2
AE5094CBA3ECe1b,5
0fE0a8b6CAe7F81,6
B449F02918c9b24,3
7EDE79aCecA5FD8,2
9Ef25eCBAAFe28D,4
baA52F769fe001B,6
0EB6fdd9E8EdA7d,6
7ef4b0Dab095AD9,1
85fcAe7C9DcCfeA,5
7FaE3aebEfcBD6f,2
6bfF43b26F5fC9d,6
AeBbAd0C5b16E2D,1
E3f988F3b8fEe5C,2
55Da1A2A4b7AFFA,6
5C025d662BCa797,4
E4e40ADfB288E0A,2
0c602af142aB3DE,3
DBDE5aC962BEe92,3
Ea20Fff595290dd,4
9B3714A6f6Db8Da,4
06bAA62cee37dCa,3
A0e3d6cCBAFa39e,1
Ac10C442971EAEd,6
0e35eA2BF20D717,4
Cb90dC6bCc4F25E,2
bdCCaeF72d7D68f,6
aefAa5750C54B1f,2
32dBBFeC0d0bD82,4
4590E890cA1A6BC,5
aDAC6DB7eEd0Ef4,5
CFe500C969B178B,3
9d00596D7B5FdB8,2
f13D15ccb5e0CbB,5
5DAC851fad2a113,2
FE3cbaafDC3E5cE,4
3cC2Ea10a1CC9D9,2
03B39b5E2Fe545f,5
e69D838ae926876,4
0C157aEd40c1a06,5
504aedCcb6C50a0,4
BF9cdd27bbfDC54,6
5Dfe259E3af7AA4,3
DbDDadEb74EebAD,2
dd3b08C8F7eADFb,3
7b46E43fDbbAf8d,5
57CcACCCEbb9aa0,3
A7eBFfec599B7DB,5
f1aabeEd67233Af,4
1d3d9Ce78875BbC,4
2b58cA1fFaACFA6,4
8f8D16550Cc552f,2
FD08d2eC7BBCeCd,3
90e037BFBa85d0A,5
822Af7bE07B015f,2
3A8C3bbA81c445F,5
CC814280BdEcFc1,2
3Cdc0373Ea3dcfC,7
FFAdAEeF268eecc,3
7b9367dBebdaC4A,2
B9F329CFAB3FdBC,3
65ad390eCabd7bF,5
ec11cfe1C43AFEA,6
3d352FC0faBe2bf,3
B1890df6dd3Eb3d,3
CDFAd0b45ca1Ed9,3
792faA63bBF00dF,2
FE747A9bEFeBfd0,6
caC2DeC5385EaCE,3
EABFa581C6c6e5C,3
b72716Cecda2afB,2
EAE14Fcb2A1c3c2,2
D7e7c8245A9C636,4
4f1f45909B236b2,5
C1543baf8CAd1EA,2
1Dd0C2E06c1C69E,6
6ACc5f7fbBbFBDE,4
00BA90FEaBdAcEc,4
Ebb0489988d744e,2
aa071d8CCabaEe6,6
E948BfDF548F2eA,6
EE81E9bDAfBDD6E,2
15F82Ef06BCFF78,2
CbDd445fd3eB65A,2
d36d34f301f4366,5
bC089ec22E37eCF,2
F19DA4Eb56134df,2
3431eA7Fb53e107,3
C943D15ED55BE22,2
05090e1367BD1Ff,1
Cb06B8F1dF2D28b,3
365fcfc877fAf42,5
3722CbFCd5aBBdE,2
A5dc9F34B53b1ba,2
9bd9c120ba2Ee2D,1
7F5ed1c9A3453B8,2
ff96AF8d4FbFf3A,2
b6eA0d3ED9ae3a9,3
AFeCecCCB10EfcC,3
fbaFbC8FbDB07dB,3
05959d9eCdB205F,4
2B2dfA4040fEa12,1
0ce860895BBBD1A,5
D146505FbeEfaA5,3
e3c25faD7BBCB4f,2
aaD682df33f02cA,5
7d5AaE8d59ebaCc,5
AB7C886Eb11e696,5
d60fce1B83f5c77,3
341AFDcA9871095,6
AA6A919b17fD1B6,4
f23684216Dfe6A1,3
3C55C7997E6f349,3
EfacAAD98a3eeF5,2
dfCa44F286D573C,3
CF1e82Ab0A04B57,5
920E9ADCe1341Ae,4
479b0f1ea627b6F,1
e65972AB1f94480,6
EfDECE0866f3bCb,3
BF889fe6d01EBb0,2
eB1c7cbbda790aa,3
Ecdfc70d79C34f5,1
3CC64edbDcd1304,5
b67bCBbc8ce6299,2
2272d9d01aE1e7b,2
F99C96F5FeDad0d,3
a9087E837eaADf1,5
6DBaFfbe8eAA5d9,7
a493E2b5Ba54A2A,6
0bFead2fe93cD80,6
a150EC810deE71B,2
A7b7E839ecefa73,2
bdF6ACb6eAACb2e,6
178dDede1b7D1bd,2
0D10aE257997DDB,3
47f90208a7eee71,2
9feAa6c6103E8A1,5
dcFFfcf1d694cF8,3
87713Bed8158f17,5
F30EBDD34D47C9F,4
B3a633d12d3e11E,5
59804ee48c26b2D,2
6A1De6B8aC76aFA,2
ACAc6a176C1c8AF,5
B4A1CAa269f8698,3
2Ff5E8FFFed81dc,6
e3Cf3b14E07Ee56,2
418Ec62FAd0FAe3,2
Fb383d9ff00f269,2
472A4FaB104ADeD,5
bB4339Dfc4d74ED,1
d1C0DBFf2Fb9179,3
0B0B71E5E0DABcE,3
EbefA0DE7cdb422,2
EFde90dA1ACDB9a,3
A704Fcf93E14610,1
7c63dfA632B396b,5
7E309aCa23eB1Bc,6
509a0C115552FcA,3
4ebcfaF5DBbd216,2
eD4f2CCc68F4B91,2
fa3779Eca6D4EAc,2
D72F3F1D603Fe33,2
D2Fef20Ab79524f,4
2B17f8fAF0Cf4e2,4
Af4a31Ed660c130,2
1E3CdFECc5afDfe,2
92dCB7CAA54bC0A,4
30e11bf3048a6B1,2
c176125f931aB6f,1
5AaF7FeC6a4c9dD,5
32FAFddDd54B4DD,5
476C40c6C7B8FAd,6
370e544FdE4b4c1,5
D7a9fEA54a0Fb29,6
Cdc4eDeC074753A,2
bD7465FCDf4E1B3,5
CcAc57be6d6fDcE,5
73FD1aDbE46De6D,6
5Fad16893dC86d7,2
6d8b7def61FeFdA,5
e6ba4a06c116d18,4
ffF3D661D7a1C15,2
9ffcb3Dd9eC8E79,2
C69C61CFaafa9c7,2
10BD34C90DF2Df1,5
7FfeDBec1d2f968,2
c7d8A09F0DFA8da,3
E01F9A66Fdd52ab,4
9Fd4Aa5c8aCEed3,5
f091cb15f398be7,2
A7e83ac37697f5A,2
3BC113ea6FF7c7d,6
e5fA17Cb626fcC0,4
DC316BfFe3a441e,4
d692Ee024c902Fc,2
d417EcE41c8EE1E,6
C8aeea4f225A57F,5
0127ce1f2aBf3CA,6
c91ED6E5BCd817f,2
f2DBcC8deF63248,5
c0Bd95830d2b16f,6
c05451F3D67f4ff,6
6056fFFfae9EEeC,2
dFD6E6deBdcFEBf,6
fe96568aA49eFc7,6
ED0B9CEaac7bF78,1
61BDf016EafE7AA,4
bD8E4BDbe409DEB,6
75b68EcB62f9CdE,5
8924cC6c6140D2F,6
bCf9f16F2443AfB,3
3D38bf7D1db58A5,5
ddA8d79F2E9a95a,5
2A6d2ee9f08A3CD,2
D25ac14EdfED03B,3
6C040ce360D3567,6
7e8Fc9C8b1D0D6b,6
984abB9002Dc8C8,2
423BaD78eD9EDD3,3
7Cd5B2cD6455F04,1
50a510FAF908C68,2
A7C5edCAC5Af3D8,4
eBf23fA95fc0dAD,2
ba79DD1d8d6e3f2,6
5Ba90Ba08E80266,5
Bb1ebff082BEDBe,2
7CED04Fb9ebD531,5
84cb5eEE0711691,4
03FF120CCbF0Daf,6
8AB63F2CaD19DCC,2
dEDbcAC9C0ab8af,2
0efF73E830db54A,5
7C5c5DABE20eafE,2
dcfEe49a0cC07d6,2
A15CDBDcb952b38,2
0FD4Cd575ABCAa2,2
ECD3BE42c4D9963,2
1be6363eF14d383,2
66Eb2bDd28b0fb8,3
9d8c0b0edd5f49d,2
8BCA4Cbc78082E5,5
606fd46Bfb081Fb,5
5D2f2FdD4D0A566,2
F1fA834ceDbE80B,5
ab0615B96A7DA56,2
4a3cFa7BAeBcE63,4
a8df8bAaedBbb4A,2
198bD80fBC3ca9C,5
d15dD938dDf765D,3
AAe5eF5F68BDCc6,1
2896beadcEc97ac,5
333c02d3ae7aA39,4
93B1CB3d6e159Db,2
7E6fDa67cC32Dec,2
1FD9B5dB2d6FE8e,1
aEcf01bfa561cbC,4
aB7fdb8fD23Ff79,5
A6339Ada713cc92,2
DdB94ef8cbbec5e,5
6deC5eCa1E9D622,2
Aa22995e5Cb6FCE,4
CbEfF5fDA9eFf4A,3
DedFa328dE6D502,5
eB6fEF91ED69186,3
B58eb1089CD0Be6,3
565b62CaEe03b5D,5
F8aADB43E735f1E,5
cfcc5Eb2bBF2584,4
C35960aDc6f6b53,4
c972A0e7A243bd0,6
E00dEbbD120AD2c,6
C505b4b075E5356,5
DBA26B8dccFc37c,5
844118BF6eccBF4,3
e9a6eff9F499CfA,6
A6F3691739Eee30,3
8cBD02caa6088E1,2
0Dfa7fB2C4AeA3C,2
96f9feaA86ae78b,5
B8d9Ba39DE4fc81,2
83F6bBcE1aCeFcD,6
24DD1baEcBd28be,5
1bC5a95af61C26f,6
2aE41a2C8e4eC4D,6
AFefba2867A4b93,5
72AE9eF1161bDBA,2
87dFADd5C1e8CFc,5
89b5137C4AFb8Fe,5
d6CEaF215AfE4fE,4
F5fd4eFEAE4E3Bf,2
3CDf654FfAc5CFb,5
A2F89bd6d0Ba053,2
B98fC3C7bB0EeDd,6
7fBC4bfEdfd5737,2
4Cb1CaBf8cDe3b5,3
ebDCce6AFE0b1DE,6
6eaB9b8a2dDfE67,6
7c1eFcfEE0bd5Ec,1
9cd3ba77D3a06A2,3
6da01fECF13C170,6
8E488862FA86BFb,1
d85c8DF69C9454e,5
c65E1dEdAFF2D6e,6
d67E4eA43fEF377,2
7529b7fCECA48D1,4
e5fa648C2BaE70B,4
8C349aCE746F031,2
6BdafeAdc8F4098,2
F7a81dF1d5D6183,4
Ec7b8fefB5193Ab,1
189cFBE0Fd1aDbe,5
Ffbf34Cc2A7Fdca,2
bAb40818e7AFEE8,4
Ed4B9Ab44D0EE0c,2
c1e7d4ce269A8Ee,1
7f3C75aeca4dC8A,1
6AF78539A39B16A,3
6b146FC644Dc93c,5
C1FAbE4a52118BC,2
4fB14a7af656eF5,2
fEffB1e154593DF,6
f4e80e812Dfd7a8,6
4bfc21CBfEcEbf0,5
1dD294919acdEDc,5
8DAD1A39A0e9cBC,6
7cDB49DAaC59bd3,6
6f70B57b03d52E1,2
f3C2dDDa72f480b,1
8d78F1AcB97c209,5
e8D368A639eaAFE,2
3ecb2342bf83f51,3
89BDaC4a3366F8e,1
bc24ba5Cb4b5EeB,2
De4E5A6Ad57DEcc,5
bbADdcaD239BFd1,2
d50A5d6CCdCfcdD,6
b0CDDd9C5d5AEad,2
D2FddDfe4AEE5a6,4
1FD734cAd1f3Df8,3
AF1C0F47AF0cde6,4
0E4EebDA0bF6CcC,2
2CAFF5A8a3aA8E7,2
f428da80a5eC8a3,6
fa67C426eb42A1B,2
b4274CcfAA91B27,4
8646571C3a2C0cc,5
F6AFfd31Dd140AE,3
C73eAa6C2d03386,1
a3ddFA37ECE6694,2
ceAF3E1B7eFa5be,3
3a8545cc1ECFAEa,5
FaeC9652CAEAcd4,5
B5D7c89CeEB374E,5
09EA9eCb1ecFA44,6
8D3Ca9befDc0Fd6,5
B99550Fd8Aec8dc,3
9EB1fb453694Ce2,5
F8BcD4dA4EBD177,6
fe65D579bce3D09,3
Cbd4BdAED7Cf706,2
e1be9D3f6A0Eff8,3
b4611a92273cdF3,6
6C3DE9Ef86f2565,5
A6BD7F4AaeD174E,5
FAf78754BC72EAc,5
0b32b75FBEf5e56,5
cECaFaB7dAADb6a,2
DDB9A6057dcE2Fa,2
bA62C068dFA0A02,4
a6e2B82BfCedc14,3
eEa4Ef8C1DcAE6f,4
E23FB07B3dAcB95,4
EefB2e3cC94D5bf,5
1A52aDBeD907cBA,3
1557987c6BcDD62,2
FB974ec3e0af5aF,2
78B65D4efd4D6Be,2
ac429F33a050bc7,4
ae1DbcB205d046e,1
3bBC7C2aEA1D1e2,3
B0bF24d9CCBe6F1,6
7FBaB8d21ccDead,7
29559d7c85CbF9A,2
FC5f4dBedc3Eb26,2
B5779f8323b3FEE,2
c6Ed335eF2321cD,4
10EBBeE09c3Ac4F,3
686D7eF248bD46D,4
90Bb0dc4c6997b6,5
2EAcB40dCCe5A3C,4
466BaE36988e282,5
a8219B9AaD692dC,4
cc384F77e13E8E2,2
CB2AcDe839FAB0B,5
60DfDbCBFEf52CE,2
80DAE8EcD175E4a,5
3Ba647b072241EE,6
4ED4aEaef6D5eB5,3
E6Dd00CD351B927,6
C20Dc21f426cCDF,2
19eDea6A06b8d0C,2
df10dfcfc3fAf8b,3
4c1C2B937C46ca9,3
EE54eB5b320248A,4
9bC8FC2ab4d7FDd,5
CcC3e3039bE39e3,5
b9B3d7a8f329aDf,2
1d6877f75d823f3,5
de59d8eF2ddae90,4
AAbeed01991c427,5
cbeCc19e7cB1ad1,3
761e0CcB85eebEB,6
befDdb7280C8EfA,6
cccAF1eF6b2c3C1,2
8e04cF9a83faA26,4
3bdbC4bfF3E7eFB,6
0fc7759F67BA33B,5
BdbE204eEbAa730,5
D1E35bE55F09fBC,3
84aCB6Be5B7FEdf,4
E6Ca6D5FA1b2Bfd,2
Cd1d4FB3dd1BcbA,6
643F16A7004Beef,1
5A2aAc73f5A0FEd,2
67977Aca85766cA,2
D839Ea24F6d846e,2
476DBF47f35EF3b,4
3AdaE1DAB42bF3b,6
C3ABfEd72DbEcAd,1
d8c90f5C5D779f7,6
75dcf63eC038dfD,1
ABD7ebDECd2e1cF,2
BEbB32e35088fCc,2
11d0cF4cab1f82d,5
85fBAbDae6FBe2B,2
EB24Fb26BCAC333,6
bDAd80cEfcfbC0D,3
5b99AfC410ab17B,4
3B6C0646bb56c31,3
55F7ffFFD315E2B,4
9A10C1C1F9bdbcC,1
615aeeCD7445651,2
C54BA78fDad0d8E,5
DcDDCabFDB3FCf4,2
4CFe66D8CdaEfF7,4
4C026DC9edDab5E,2
5035A0eAe0C6f7c,2
011cA1dd506EcD5,5
9d31Da92614E51e,5
E3de91e1319A24c,5
d5FfFD074Fc86f5,3
d2f9c0E9c02FDEB,2
49CA62cCfe22Ae4,2
A5a9F4CCDE46C2E,2
B8ed1adA0cF9C0D,6
C71EC4bCf14cbe9,5
4ed7B7E5C78f61c,7
7EC4F9948d777ae,4
6f7DF99aafCD7c0,2
E0eeDC95a11Cd2A,3
a4662c3dDd5957D,2
29122FebDa95055,5
f851dC7b9a2B4F8,6
A963cEEEbf56f94,5
587677B37AeEaAf,5
32C5fc1d5DB50B0,2
39f9d8C02dAb214,2
9937E3AAdC9Ffea,2
F7540cB4792e3b7,2
ca983eFe9e558ae,5
4aDfCe2ad65145d,4
3dB03dfeDacc5f5,2
FBADCaACBAF6f5a,7
E0be93dDe34C9FF,5
Df8Ef1Ba5ADcf0C,2
0fEFfcF6349D66C,4
1Da80d9edf01D35,7
d1C2349fDaf8bA9,6
CeEF0CA0a0f0B71,6
DA6CCb2Ca58BB36,4
e0DadE4d6D8bCF6,3
0E0e22fBA37fddF,5
4eeAED10D0945D1,5
1ec7b87F0BCBfDe,3
EFFB4f3C0b23Ec4,6
aABce903489f053,5
0FB2FDA85b2E856,6
5EAF22C3B9D27De,2
BFC51F177260eDf,3
c22af385d5caECB,1
D34d21243DE6510,2
fE24340d347c407,5
Cbc6D18F9B4959c,3
0bB5aea1BEFb33A,5
cBaBc2bf5b2aaAF,6
17D69C6177c36F3,6
AB29c0fA5cEC125,5
7442C70bCAD080e,6
ecBB0FE568F690E,3
8dfd205b3f96814,2
f7B92eCeBAAA66C,4
8cDB9E3A9c2e23A,2
e8f4E0aCeC07FCC,4
eEfd8513549A083,4
fAB7cAd0bBb5D3d,5
99d6aDa8fFBDc3f,6
9f86B9b68c51eF8,3
cE7Ad9bF457AECe,2
cecABc07ae2fDC0,6
4CDDEBBDb9DBa2a,1
ECAdF456EbF6ADB,5
FE79EDEDAE1DC4f,2
a0a08B5f0e73bbe,2
1b2bAb4e1Ddd80F,5
b47e9685aB19F1F,5
2367524cAd7efE0,1
9578dCCE2219CA8,3
e2b86573F4d4c10,6
9CDE423a69B1ABF,2
B9eA5ce3DaaECeA,3
eCC0b3f0EC5AFFE,5
0eF76eEEb0dC569,4
Fd966D0cF71C189,2
b1dE9fAFfEFfeDC,5
EeF0fC4fBe53Daa,2
3Ee7d410dD047d2,5
E27D973b4c8eC5f,3
CEa42abe1CdC4A9,6
f2D8fb341CEcC6e,5
575167Ee04bfe9B,3
b1E1BaB80e24F6f,2
d632dDC26aaa07A,5
B6fad5EAb7DdB2F,2
7DFbb5bBDd6E13A,2
90dd8A360AFA792,5
2Ecb3C1BA8E499e,1
3dfCeA5710aDB6E,5
1532721fFBa1E43,5
24d7F8E9Fa1C4Cc,2
ddBc60ef6cB2401,3
EF6Cac207c3B43d,2
1cE83878fb8ffCa,4
B2FE80234b2667D,6
d476a9aAc8CaaF3,5
f2A9aDcd66D6b05,2
87FDAE6ab8dCEd1,6
d7afca043EF3BBd,1
bBCb546b2fcAFDC,2
Ef9e2F8db541c98,5
0Fa0f5cCFBBAD39,5
e5f4FcaEd9A05B8,2
eBfF9fe5c09Efab,5
b711d413bDD0cd9,3
bCccbcceC55c2Ea,5
CA20EfF07887d2C,3
63CA92D91B94d9d,2
7C4De3fe5ADFAb0,6
C74d1fa9562ac4f,4
8Dd77Ef4E0FCe67,5
2eAB81e572a9C1A,1
2B0473314bA5004,1
AEda59EfB8bE8f8,7
23bb4BC30aDC7a4,1
721b07F1dcFAdD5,4
3dcBC7a940b2Ed9,5
e9c2EfCaF8f60a5,6
F0502F3F669dB4e,6
CA019402BD4b0Cc,3
Ebb3f7fDfC2eE90,3
E53b34EcEECD0E3,5
DEDDC74ADc15AAe,8
e343fFF63A5ea04,6
Ada5E20B5e3ef3e,3
0d28dbdAF99e0B6,2
CF6c8c520Ecfe09,4
3F1E4b7F97aECCC,6
4deEbF21Cf9AbAf,2
FaE74E3Acfe06DF,5
9a47D6e30437dBd,4
fdd856649cf6cf9,3
3e1f0E7CD02383D,5
CBF31AE46951f18,6
aCb504dFeAEc130,1
97a290Cef9fBaF4,4
c509BbB98bDCd47,3
232f8d0fDea3A95,2
0B61CFDDFbE8E67,1
33EAB4b9c1B85cB,3
Ae4FaaaA6A4Dd3a,1
4228BaD3A6AC0cB,2
2b3AB6FaAB14b0b,3
daD7Dbfec6dDfFa,5
21F30aaacf74730,2
b0EfC18FAEd57Ac,4
81E0f14e35dB30f,6
42f9caDEFfCFeff,6
7480eEbf45Da02F,1
dC0F589C162c4cb,7
caB0e07f28d3C15,1
8CFEd0E7F7C8e34,6
d7a4F66B4120963,2
cBD9eB12c28f4Ca,2
03Cf4fF9682768D,6
f2542fa8A628310,6
dfdD1d3fd34c3A9,4
cE2a823F8304d56,5
80cE041FF0a07BB,2
FeE0c3EEBDdeDE6,2
f88Ab7EbE08FBa3,2
514b6Ab32986a91,5
ceCCD0e161eF449,2
62038ceA801FfBD,2
3f3A802af2D454A,6
EBBaF4bB9bE87d6,5
615E4e0b9dfDFc5,4
d0503EeD5D77cde,3
E096dAF5911CdeE,2
a4cbdfdC09DdDBe,6
A7a0Ce5bFB814bD,2
58e0aC1a3CD3Fa1,5
A2faA4EdD11A3cf,3
4A777E731C115Cf,3
FD553Fc76D76cF5,5
0D2b41eEB292672,3
eef5c2CffcaF65B,6
f8b57b0CC7Cea6C,4
D81aa4e1B233DB0,1
6BaB57DA7F29fF2,2
2C8Ffb8e2d55bd1,6
fED592C7FEA402b,3
489BabE5d9d18A0,3
E06985C5b4Fabc7,6
4c811bDAD8e9EFe,3
Dde2Eaa40B5aA34,5
cB0f0c7D267be07,2
2FfC78841338aF0,3
FFE99cF0fCe9Ce2,6
FF1edB4dFddf8e7,2
aBdfD078cB6cFDa,2
6d2c7Ae906990cE,1
fEEcdB1f7b9BC28,2
8dCe6c7dafE6Ec2,2
80C6FD3ed10cC48,2
5B30785d562ddE2,3
Cd8b43bd0afDDBc,5
9d6fF4AE40CaFBc,4
08CF0FAA6bfdE3E,3
bCdCfa6aB5F664D,2
9c50894aB9ddEbE,2
Bc557776a7c0E97,7
0F2CCfb5e42885b,6
9EC0a8680D7eD6C,6
fe6ED7D6e5D2DF6,2
5abE66D73d118F5,6
d3F18dbecFe9E31,2
fee4D4dbA8fB872,2
6fd791aB05d61e5,6
1D624a79e80C7CA,2
Bc86B3aC000f5e6,5
dC7C2cFa4d08fA1,2
0952CBedc11c908,2
Fba350bf39eB2bF,2
b8Bc8db6b4B6283,2
ae3aa2f2C6cD0FA,3
77a4cCD5aAD80dC,2
A68E3023E175A93,5
6f21B17821AFAFE,5
eF7Ce5Cda951B24,2
c86636fbe4b4F12,2
CF125CCf615eCfb,3
663f6d1Df19fAd3,4
29b42Cd2e9FeB7E,5
08B93E48F9288fE,5
f395f01Efc2a40b,6
8AE7Bff381E6e1E,2
F7a9DF15dA090a6,3
3C5De99BFaCBcA0,5
28EC8A6c533EE76,3
72ed0d0Db20ecC2,6
3E1Cc3B80bBf6a7,7
93eDDBBD69DD4e7,4
FC81AcF6726BfB0,5
0221d9Fcd7F1565,3
eCcBAFCCfD4650F,3
B40d0ed86Ee4CAb,4
a87EE4e7B2BC0fc,6
EEf5aFcF4F4A0FE,2
ef2e757FfcAAE02,6
C49A8F3b669A8FA,2
9ad8A9Dcf4aaDE6,1
8bc88a7f53f5fcd,3
dcff0f2e0989BF0,2
5fEB1DaA1D2D5aE,3
22AA767a715fDd1,4
1Fef09ec367fdB2,6
27F24aDDbFAa357,5
dB4a8D402c9219a,5
8F6Edb0eC90b8ee,5
BC023351adABA3f,6
6788e2ceeD39442,2
0fa3A5fE34dF4c8,3
6FA75Faa33CeC0A,4
a2E8c59144aC668,5
fBAd0dDBedAD694,4
C6CaAbb55C388f4,2
85D9EB0A5CAD9c3,2
1fEaBB8dD4AAAe9,4
bbDA519deD13f3A,6
Cf08BA3cEEaeD7E,5
f18006cCea5b0f9,2
efabE17ae0EC143,2
FBeef8BBF89839B,2
DcEF2D552EeB6cD,7
02F874023aa7EdC,2
916C65CaCFC8dB8,6
04bF7A88938DFA9,4
dd069CD91C3af2f,5
E59E0F3EBBFB4cb,2
Da38f35aaC29bA5,2
0DA50acF1ceB0Ff,2
ACbCE0C0Fa98fba,1
1dc4Feb8ed77B5f,4
d1afd5FAe2a0CeF,4
e43d88Ab4423DDE,5
22974aDd6b3A82E,4
6afbd962D716B20,5
729B58A9aCC83F5,5
EdFD99c0dAAA7C6,1
9CE8Cfea228e7Ab,5
AbB1e765928a75f,6
253A4f01E208bC1,3
eac38c69B0766bB,4
2EA335efc892A56,5
6Bc6F5DAb3a1fac,5
bdCafCCDBCcFfeD,3
dFac261358E1F09,3
872aEFc49689cFd,3
055Cc65fA3cb70E,5
C1A2A0fff9CdedC,5
FFbdf3Eedd9E42E,2
6F8deC13ED5aD8F,6
8EA3BdFe9D0196F,4
bBB9eCdDa5cbfef,1
Da6498B99B7Ea60,3
a1C90d0b8Be3f5c,5
ebB6db0fC19bCA9,5
18fd16eBB55E3BD,5
8Cb2D6ecEcEdCFA,5
B93f56c5990C786,3
eC9Bf79f12de98f,2
8Df2C4Cfcab3B3e,3
EB4d173Ce6Ceea4,2
8EE475Dc4f36E8E,2
eCCfd602867DCAa,6
ffbDe7cBEDe80C5,2
39BA8Bc87FBB5B5,2
C8A3F7FA7f5a9Aa,6
Febc9B0DBdb4Ec2,3
0f3ca5BEBAeA1bE,4
E9fddC9dA8153aa,3
7abBDb255EE11Af,1
1edA58635907a2C,3
657B1cc86D91E4C,5
9DebE542D657fdD,2
c7aaC80e6Bf88cd,4
5Ca9aDDDF9Ef1ba,5
d0F1A6A8EAc22Ed,5
Af3966e32AFd9bF,2
134ECcB64EeDea9,4
A6Ce297d6dEB86E,7
eE6Bb621293Dbf5,2
F4BfCE2A03EAEea,3
CCEa650aBE9EeCA,6
1e33fF8E8cCbEdC,4
7d73304fCaE5686,4
1A34EAd16bAa50d,3
1b1D6623f9c1Dde,1
53F8b227aC8Fa37,2
72b927075e2dBE8,1
1F6A1cD2d4c1A13,6
eaB88EE91897DDD,5
B5Db2Bead59ad2C,4
AD7F1E20dCC5Fe3,6
51FAE3AA5A96d0A,2
3eEB692edd39576,4
bde04CeA9EaC7c4,7
ACcfBf23d944F2d,2
68aBaeb518c0b8D,5
FcCa49D8ef27Aab,4
d6D2D7B20CF1CBF,6
18c6efE9EE90CBA,6
a59E3eC0bD7fbdf,6
B46bdc5B53bb0CE,2
C57b3D3c5BBa1E6,3
Dd214A8cE8032d3,8
98C6cfeB6eD31Ad,6
77FFA3efd7CE2df,2
C174EDFAFC6F1A4,2
23d0EE3Aa8b9BE0,3
7dCa8189d36D3Fe,3
c9c20cfF96aE5AE,2
E0B97F7baC90F9E,2
A02ca8CDDf7FD2F,5
66BcfFF246FCcF3,3
944cf9Bcf8fe6fF,3
bBbd3f120C175d1,4
cab6491AF3bA1B3,3
D0350c111CF8144,2
9319d3d15173b76,6
8639EBd8Eb5a265,3
198AAadF8D4D729,2
D7dfdc1cCe0E274,3
AcDB0F5F94BC335,6
16c62f3648b92c6,4
feCacf393E9fFA3,3
EDc5B7D9a1989BA,5
f4CEdBB6019Cb20,6
007E9a3B9bfadD8,1
F3f72B3b850404b,3
56FB6Ce71deDE0E,3
F2306936cfb0B6f,2
bFEb5126b2c346E,6
Eec1cdaccd40aAd,2
3E12DcE9fFE5Ec3,3
2Cd6BE39A6A7d37,6
9ccccaaaeeec178,2
E3b9fDcAeB2624a,2
BA3e160187bCd1c,3
c8A4cE7B6CFBDCD,2
889BbAD4Ca9ad26,2
7Db88D0Db2B4DBC,2
1DD5BF0500d0Ece,6
DAeb5eDfB35b0Ef,5
f1f4Be1BDC3F052,6
bd8cce42714bA8b,6
704FaC0bF5aD35A,4
7ccFA2Bea0CcDAa,1
fB090C09fb3ca5A,2
4af83BEfbDEf07a,2
7cA5b46C5f87eFf,2
ba23cBd4a614e0D,2
48c54c3C4E747fc,6
fFD2ffC79E647B8,2
47f5A4A8be86eD4,5
C8a8cDDFA4a5dCB,3
b0FbbDaCD0Ac639,3
D366bf45De28f5f,2
d43e982406e2fAb,2
C33e731F74dfD0e,4
db2b14dF104Fcd4,6
bE36731BF8AF8DE,1
fe2dC7CB41AeAe5,5
612Cac04e5a67d3,6
9C2Cdb037f8Cffa,2
7f794CFE6B6f6bA,2
ee031f84e28E67f,5
A6Ed67C6FE0DeFB,5
34BCaAE3d9841BE,1
d8defB6C2FbC9d5,5
Afa6feEC2cbcB3a,5
4B4fCb3E6FBe3c9,5
16f7d9B5aEA662e,2
a66f0cB1c5daE72,2
9dD6eDFf71BcCa4,3
b90d4bEc40faC15,2
DEd88408b0D42c5,2
ecfAAf82B6b8BbC,3
eeEAB193eda1313,2
b182ad5f3cEf859,3
046C20455Ca88d4,3
C73ebeDE75B481d,5
0a637f0dF3f572b,3
EC6B2fb49E063d0,3
8C3AdaafCADB80f,2
1E7Ca1bfD1BBcE0,2
f3ceF2DD5fd20d7,6
C9A078b75a9e2C0,1
c9aC72D386F2AED,2
C6A02E4f2CE73ba,2
C7a3EdBd92f8bD9,6
CF860EBB6f1d3BE,4
66A468927f5ea0F,2
7732eFb5A95e735,5
6EdC5eA8eD97Ad9,6
9Bca91CBf13e232,2
E1Cc715089cB6B5,1
D54ACaB9bAAaBE4,5
DF4f7aD5AfEE45F,1
9b92Dfa70C4893B,2
D9fbC74aEaf9bDc,5
bc371Dc84E2bdb4,1
7bA67f3B393dfAf,4
45cB448A005bD2e,3
c0273a68FE8bAbA,5
2F82977AfE653bA,2
6d98016fb7cfEbA,5
BFfF24c9260cca9,2
385D7a22B8aBEaA,5
07BffDC6f20FA22,5
7cDDcB0623E46db,5
a31cb4C7af18BC2,2
314C2CcE08E9d94,2
bd8F30EDB2DBC33,5
aCecdC42B3d2AE8,3
bBfc7aa14E9a97e,3
50215770dc53A57,5
110f3E8cA956B8e,2
AE6b5a4c6c1E88d,3
F5098548Fac27Ac,3
d3C2c44A981007b,2
baD7fAc6efb4fBd,5
CdDB07aa8d3aa77,3
cF2F60389dBEB0b,1
cF171eC6C9a9057,6
ACf7c78FDdcC5a5,2
3FbAb7e599875fE,5
93978F329dAeff7,4
ed9f2d9B54Ab0Cd,1
cc088DEB113a2fc,4
A2bcF520012ED83,4
5E80E7f2E76afC5,4
3fdd8b8bee17CE8,6
e6fbCd4Ff0fD1E6,5
d8aEBF46C93d3eF,5
9cBdc38D5F5B3DC,3
CE1B9AAED3aDb27,2
B0DDcAF14FAb48d,6
dfFdBAF67DFfE0C,2
D0c8B2C814fba4A,3
Fe224E9EFaD245f,6
9fb72D55223966F,6
eDAa0a4Cd262955,2
FCa7D717F91FfDe,6
4Ca3Dd2FDB65a9C,2
FF227cc021Ea84B,2
220F4D3375531EC,4
6EaB77E4492580A,4
D441A613d831445,6
691f72764BaE08f,5
1BAED5b1C16b3fA,5
2Cea57CfDfDafA2,5
Ca0d547654F6316,2
aBc2F3D2bdfBc67,5
4BF17AC863A0339,2
6867dC434813eB5,4
c5017A7363D0720,5
eb9b0eB3fF2256C,2
09fFf7cCA8D3bf3,2
d5dfA07BFCf3946,5
fDde0cCf7cccE54,3
4B8BEAb33daceac,3
a67B2fea210a9DC,3
b26CdD66010ecBd,3
35F8AFBDD9B8b12,2
a8aa2c636e01F3a,6
90AB26bF91D66aB,6
d25aa0ec303e0B0,5
cfAD4d3cc725a59,4
e9CcAEBdb9A92f3,2
aA3B492f7eC8B9d,2
50f1B29A6AE343D,2
7E4e0ca8C2dcEB6,4
0F1575E7AfBA4C4,2
DbD730D2312bd6f,5
0e26cC1FcFdCBEc,6
3fA0DEfDa094CCD,2
89Aa4ca8CB9BABC,4
9988cbFFf2e7ced,1
8cC0e6C6CbeF6FC,2
fd4f2dCd98BdCB5,4
6e3A62cfE5Cf4b6,5
Dbec4DF05fbdE3d,5
B906fde8898be75,4
eC843aE52d1726F,5
3783DcCEB28E2Eb,6
bA95FF9daFBfFEb,2
CB5dFFCDE9f292c,7
